id,time,values
1,2023:02:08 18:15:22,410.7
1,2023:02:08 18:14:52,477.0
1,2023:02:08 18:14:22,266.5
1,2023:02:08 18:13:52,119.5
1,2023:02:08 18:13:22,113.7
1,2023:02:08 18:12:52,312.3
1,2023:02:08 18:12:22,201.3
1,2023:02:08 18:11:52,539.5
1,2023:02:08 18:11:22,256.0
1,2023:02:08 18:10:52,121.1
1,2023:02:08 18:10:22,229.4
1,2023:02:08 18:09:52,506.5
1,2023:02:08 18:09:22,561.0
1,2023:02:08 18:08:52,405.2
1,2023:02:08 18:08:22,200.7
1,2023:02:08 18:07:52,270.3
1,2023:02:08 18:07:22,5.1
1,2023:02:08 18:06:52,118.1
1,2023:02:08 18:06:22,22.0
1,2023:02:08 18:05:52,462.2
1,2023:02:08 18:05:22,446.1
1,2023:02:08 18:04:52,270.0
1,2023:02:08 18:04:22,501.9
1,2023:02:08 18:03:52,64.1
1,2023:02:08 18:03:22,542.7
1,2023:02:08 18:02:52,297.8
1,2023:02:08 18:02:22,540.6
1,2023:02:08 18:01:52,42.2
1,2023:02:08 18:01:22,527.2
1,2023:02:08 18:00:52,255.2
1,2023:02:08 18:00:22,522.0
1,2023:02:08 17:59:52,118.3
1,2023:02:08 17:59:22,318.2
1,2023:02:08 17:58:52,342.0
1,2023:02:08 17:58:22,326.9
1,2023:02:08 17:57:52,509.8
1,2023:02:08 17:57:22,270.4
1,2023:02:08 17:56:52,24.4
1,2023:02:08 17:56:22,509.7
1,2023:02:08 17:55:52,86.1
1,2023:02:08 17:55:22,108.8
1,2023:02:08 17:54:52,290.6
1,2023:02:08 17:54:22,270.4
1,2023:02:08 17:53:52,6.5
1,2023:02:08 17:53:22,390.0
1,2023:02:08 17:52:52,327.8
1,2023:02:08 17:52:22,514.3
1,2023:02:08 17:51:52,347.0
1,2023:02:08 17:51:22,125.0
1,2023:02:08 17:50:52,164.7
1,2023:02:08 17:50:22,165.5
1,2023:02:08 17:49:52,477.3
1,2023:02:08 17:49:22,19.7
1,2023:02:08 17:48:52,102.7
1,2023:02:08 17:48:22,594.5
1,2023:02:08 17:47:52,46.8
1,2023:02:08 17:47:22,499.3
1,2023:02:08 17:46:52,388.6
1,2023:02:08 17:46:22,267.2
1,2023:02:08 17:45:52,352.7
1,2023:02:08 17:45:22,45.3
1,2023:02:08 17:44:52,83.6
1,2023:02:08 17:44:22,110.7
1,2023:02:08 17:43:52,169.3
1,2023:02:08 17:43:22,435.1
1,2023:02:08 17:42:52,164.8
1,2023:02:08 17:42:22,37.2
1,2023:02:08 17:41:52,174.5
1,2023:02:08 17:41:22,85.8
1,2023:02:08 17:40:52,493.6
1,2023:02:08 17:40:22,300.2
1,2023:02:08 17:39:52,477.7
1,2023:02:08 17:39:22,202.5
1,2023:02:08 17:38:52,226.7
1,2023:02:08 17:38:22,354.3
1,2023:02:08 17:37:52,486.6
1,2023:02:08 17:37:22,413.9
1,2023:02:08 17:36:52,266.3
1,2023:02:08 17:36:22,15.9
1,2023:02:08 17:35:52,187.0
1,2023:02:08 17:35:22,371.2
1,2023:02:08 17:34:52,15.6
1,2023:02:08 17:34:22,536.7
1,2023:02:08 17:33:52,599.6
1,2023:02:08 17:33:22,565.9
1,2023:02:08 17:32:52,304.1
1,2023:02:08 17:32:22,176.0
1,2023:02:08 17:31:52,196.9
1,2023:02:08 17:31:22,269.7
1,2023:02:08 17:30:52,598.4
1,2023:02:08 17:30:22,459.3
1,2023:02:08 17:29:52,476.2
1,2023:02:08 17:29:22,117.9
1,2023:02:08 17:28:52,509.2
1,2023:02:08 17:28:22,587.0
1,2023:02:08 17:27:52,290.8
1,2023:02:08 17:27:22,316.3
1,2023:02:08 17:26:52,534.7
1,2023:02:08 17:26:22,45.6
1,2023:02:08 17:25:52,352.4
1,2023:02:08 17:25:22,397.3
1,2023:02:08 17:24:52,426.8
1,2023:02:08 17:24:22,401.1
1,2023:02:08 17:23:52,363.3
1,2023:02:08 17:23:22,347.6
1,2023:02:08 17:22:52,363.0
1,2023:02:08 17:22:22,125.7
1,2023:02:08 17:21:52,560.8
1,2023:02:08 17:21:22,87.0
1,2023:02:08 17:20:52,573.2
1,2023:02:08 17:20:22,168.4
1,2023:02:08 17:19:52,156.1
1,2023:02:08 17:19:22,73.7
1,2023:02:08 17:18:52,247.4
1,2023:02:08 17:18:22,470.8
1,2023:02:08 17:17:52,599.2
1,2023:02:08 17:17:22,342.7
1,2023:02:08 17:16:52,566.2
1,2023:02:08 17:16:22,195.8
1,2023:02:08 17:15:52,204.9
1,2023:02:08 17:15:22,507.1
1,2023:02:08 17:14:52,257.6
1,2023:02:08 17:14:22,52.7
1,2023:02:08 17:13:52,149.4
1,2023:02:08 17:13:22,535.4
1,2023:02:08 17:12:52,152.3
1,2023:02:08 17:12:22,420.3
1,2023:02:08 17:11:52,523.4
1,2023:02:08 17:11:22,60.3
1,2023:02:08 17:10:52,146.4
1,2023:02:08 17:10:22,584.0
1,2023:02:08 17:09:52,172.1
1,2023:02:08 17:09:22,455.1
1,2023:02:08 17:08:52,530.0
1,2023:02:08 17:08:22,197.7
1,2023:02:08 17:07:52,587.9
1,2023:02:08 17:07:22,387.0
1,2023:02:08 17:06:52,39.9
1,2023:02:08 17:06:22,490.7
1,2023:02:08 17:05:52,590.8
1,2023:02:08 17:05:22,342.4
1,2023:02:08 17:04:52,381.6
1,2023:02:08 17:04:22,118.8
1,2023:02:08 17:03:52,29.4
1,2023:02:08 17:03:22,561.1
1,2023:02:08 17:02:52,271.9
1,2023:02:08 17:02:22,20.1
1,2023:02:08 17:01:52,389.4
1,2023:02:08 17:01:22,134.1
1,2023:02:08 17:00:52,558.5
1,2023:02:08 17:00:22,545.3
1,2023:02:08 16:59:52,424.2
1,2023:02:08 16:59:22,338.3
1,2023:02:08 16:58:52,475.9
1,2023:02:08 16:58:22,278.0
1,2023:02:08 16:57:52,458.1
1,2023:02:08 16:57:22,162.4
1,2023:02:08 16:56:52,95.9
1,2023:02:08 16:56:22,527.8
1,2023:02:08 16:55:52,490.7
1,2023:02:08 16:55:22,338.0
1,2023:02:08 16:54:52,193.4
1,2023:02:08 16:54:22,134.4
1,2023:02:08 16:53:52,555.6
1,2023:02:08 16:53:22,545.9
1,2023:02:08 16:52:52,41.8
1,2023:02:08 16:52:22,281.1
1,2023:02:08 16:51:52,365.7
1,2023:02:08 16:51:22,544.0
1,2023:02:08 16:50:52,128.9
1,2023:02:08 16:50:22,318.2
1,2023:02:08 16:49:52,139.9
1,2023:02:08 16:49:22,403.3
1,2023:02:08 16:48:52,304.6
1,2023:02:08 16:48:22,556.5
1,2023:02:08 16:47:52,539.3
1,2023:02:08 16:47:22,402.5
1,2023:02:08 16:46:52,458.9
1,2023:02:08 16:46:22,321.3
1,2023:02:08 16:45:52,319.8
1,2023:02:08 16:45:22,391.3
1,2023:02:08 16:44:52,21.9
1,2023:02:08 16:44:22,578.7
1,2023:02:08 16:43:52,1.5
1,2023:02:08 16:43:22,12.4
1,2023:02:08 16:42:52,22.5
1,2023:02:08 16:42:22,176.4
1,2023:02:08 16:41:52,426.1
1,2023:02:08 16:41:22,17.4
1,2023:02:08 16:40:52,113.3
1,2023:02:08 16:40:22,300.7
1,2023:02:08 16:39:52,166.2
1,2023:02:08 16:39:22,76.5
1,2023:02:08 16:38:52,502.4
1,2023:02:08 16:38:22,127.0
1,2023:02:08 16:37:52,596.8
1,2023:02:08 16:37:22,205.7
1,2023:02:08 16:36:52,522.8
1,2023:02:08 16:36:22,240.9
1,2023:02:08 16:35:52,437.7
1,2023:02:08 16:35:22,384.5
1,2023:02:08 16:34:52,273.5
1,2023:02:08 16:34:22,521.5
1,2023:02:08 16:33:52,176.2
1,2023:02:08 16:33:22,341.9
1,2023:02:08 16:32:52,447.3
1,2023:02:08 16:32:22,252.0
1,2023:02:08 16:31:52,353.4
1,2023:02:08 16:31:22,488.2
1,2023:02:08 16:30:52,380.8
1,2023:02:08 16:30:22,419.3
1,2023:02:08 16:29:52,174.2
1,2023:02:08 16:29:22,376.4
1,2023:02:08 16:28:52,226.0
1,2023:02:08 16:28:22,524.7
1,2023:02:08 16:27:52,130.5
1,2023:02:08 16:27:22,305.9
1,2023:02:08 16:26:52,462.2
1,2023:02:08 16:26:22,307.5
1,2023:02:08 16:25:52,279.8
1,2023:02:08 16:25:22,250.5
1,2023:02:08 16:24:52,361.3
1,2023:02:08 16:24:22,450.1
1,2023:02:08 16:23:52,500.9
1,2023:02:08 16:23:22,385.0
1,2023:02:08 16:22:52,481.9
1,2023:02:08 16:22:22,284.9
1,2023:02:08 16:21:52,317.6
1,2023:02:08 16:21:22,289.3
1,2023:02:08 16:20:52,193.3
1,2023:02:08 16:20:22,143.2
1,2023:02:08 16:19:52,480.4
1,2023:02:08 16:19:22,245.2
1,2023:02:08 16:18:52,54.5
1,2023:02:08 16:18:22,445.6
1,2023:02:08 16:17:52,280.2
1,2023:02:08 16:17:22,62.9
1,2023:02:08 16:16:52,45.2
1,2023:02:08 16:16:22,341.8
1,2023:02:08 16:15:52,20.4
1,2023:02:08 16:15:22,34.2
1,2023:02:08 16:14:52,416.3
1,2023:02:08 16:14:22,166.3
1,2023:02:08 16:13:52,315.6
1,2023:02:08 16:13:22,94.9
1,2023:02:08 16:12:52,176.5
1,2023:02:08 16:12:22,234.9
1,2023:02:08 16:11:52,353.7
1,2023:02:08 16:11:22,219.4
1,2023:02:08 16:10:52,442.9
1,2023:02:08 16:10:22,432.4
1,2023:02:08 16:09:52,575.3
1,2023:02:08 16:09:22,525.3
1,2023:02:08 16:08:52,439.6
1,2023:02:08 16:08:22,538.2
1,2023:02:08 16:07:52,466.7
1,2023:02:08 16:07:22,490.1
1,2023:02:08 16:06:52,8.6
1,2023:02:08 16:06:22,495.9
1,2023:02:08 16:05:52,305.0
1,2023:02:08 16:05:22,359.6
1,2023:02:08 16:04:52,197.1
1,2023:02:08 16:04:22,558.8
1,2023:02:08 16:03:52,573.0
1,2023:02:08 16:03:22,212.7
1,2023:02:08 16:02:52,440.6
1,2023:02:08 16:02:22,66.7
1,2023:02:08 16:01:52,306.3
1,2023:02:08 16:01:22,7.4
1,2023:02:08 16:00:52,360.6
1,2023:02:08 16:00:22,478.9
1,2023:02:08 15:59:52,137.6
1,2023:02:08 15:59:22,542.7
1,2023:02:08 15:58:52,239.4
1,2023:02:08 15:58:22,452.5
1,2023:02:08 15:57:52,329.1
1,2023:02:08 15:57:22,484.6
1,2023:02:08 15:56:52,509.5
1,2023:02:08 15:56:22,312.9
1,2023:02:08 15:55:52,109.4
1,2023:02:08 15:55:22,11.9
1,2023:02:08 15:54:52,216.5
1,2023:02:08 15:54:22,573.5
1,2023:02:08 15:53:52,82.8
1,2023:02:08 15:53:22,488.7
1,2023:02:08 15:52:52,442.6
1,2023:02:08 15:52:22,533.6
1,2023:02:08 15:51:52,19.5
1,2023:02:08 15:51:22,285.5
1,2023:02:08 15:50:52,243.0
1,2023:02:08 15:50:22,101.0
1,2023:02:08 15:49:52,195.1
1,2023:02:08 15:49:22,101.3
1,2023:02:08 15:48:52,406.1
1,2023:02:08 15:48:22,304.7
1,2023:02:08 15:47:52,171.2
1,2023:02:08 15:47:22,593.1
1,2023:02:08 15:46:52,113.5
1,2023:02:08 15:46:22,518.2
1,2023:02:08 15:45:52,204.2
1,2023:02:08 15:45:22,273.3
1,2023:02:08 15:44:52,511.8
1,2023:02:08 15:44:22,316.7
1,2023:02:08 15:43:52,217.9
1,2023:02:08 15:43:22,238.1
1,2023:02:08 15:42:52,23.4
1,2023:02:08 15:42:22,491.0
1,2023:02:08 15:41:52,158.4
1,2023:02:08 15:41:22,324.4
1,2023:02:08 15:40:52,471.0
1,2023:02:08 15:40:22,579.0
1,2023:02:08 15:39:52,71.7
1,2023:02:08 15:39:22,43.7
1,2023:02:08 15:38:52,71.0
1,2023:02:08 15:38:22,286.7
1,2023:02:08 15:37:52,51.9
1,2023:02:08 15:37:22,46.9
1,2023:02:08 15:36:52,223.2
1,2023:02:08 15:36:22,387.3
1,2023:02:08 15:35:52,167.0
1,2023:02:08 15:35:22,177.0
1,2023:02:08 15:34:52,83.1
1,2023:02:08 15:34:22,133.3
1,2023:02:08 15:33:52,145.6
1,2023:02:08 15:33:22,500.7
1,2023:02:08 15:32:52,578.4
1,2023:02:08 15:32:22,235.0
1,2023:02:08 15:31:52,486.7
1,2023:02:08 15:31:22,250.6
1,2023:02:08 15:30:52,153.4
1,2023:02:08 15:30:22,329.6
1,2023:02:08 15:29:52,554.0
1,2023:02:08 15:29:22,552.6
1,2023:02:08 15:28:52,153.1
1,2023:02:08 15:28:22,541.5
1,2023:02:08 15:27:52,38.3
1,2023:02:08 15:27:22,286.8
1,2023:02:08 15:26:52,256.6
1,2023:02:08 15:26:22,503.7
1,2023:02:08 15:25:52,583.5
1,2023:02:08 15:25:22,85.7
1,2023:02:08 15:24:52,590.5
1,2023:02:08 15:24:22,335.3
1,2023:02:08 15:23:52,53.8
1,2023:02:08 15:23:22,178.1
1,2023:02:08 15:22:52,13.8
1,2023:02:08 15:22:22,306.6
1,2023:02:08 15:21:52,599.3
1,2023:02:08 15:21:22,511.4
1,2023:02:08 15:20:52,226.9
1,2023:02:08 15:20:22,524.4
1,2023:02:08 15:19:52,117.0
1,2023:02:08 15:19:22,246.0
1,2023:02:08 15:18:52,324.4
1,2023:02:08 15:18:22,472.9
1,2023:02:08 15:17:52,200.0
1,2023:02:08 15:17:22,291.6
1,2023:02:08 15:16:52,95.4
1,2023:02:08 15:16:22,205.2
1,2023:02:08 15:15:52,460.1
1,2023:02:08 15:15:22,565.2
1,2023:02:08 15:14:52,276.2
1,2023:02:08 15:14:22,318.6
1,2023:02:08 15:13:52,136.8
1,2023:02:08 15:13:22,59.6
1,2023:02:08 15:12:52,401.2
1,2023:02:08 15:12:22,528.3
1,2023:02:08 15:11:52,266.2
1,2023:02:08 15:11:22,30.4
1,2023:02:08 15:10:52,149.6
1,2023:02:08 15:10:22,576.1
1,2023:02:08 15:09:52,239.1
1,2023:02:08 15:09:22,165.5
1,2023:02:08 15:08:52,532.4
1,2023:02:08 15:08:22,274.6
1,2023:02:08 15:07:52,351.9
1,2023:02:08 15:07:22,377.1
1,2023:02:08 15:06:52,365.3
1,2023:02:08 15:06:22,127.9
1,2023:02:08 15:05:52,340.4
1,2023:02:08 15:05:22,193.7
1,2023:02:08 15:04:52,198.7
1,2023:02:08 15:04:22,115.5
1,2023:02:08 15:03:52,573.7
1,2023:02:08 15:03:22,56.5
1,2023:02:08 15:02:52,25.4
1,2023:02:08 15:02:22,60.5
1,2023:02:08 15:01:52,503.3
1,2023:02:08 15:01:22,416.6
1,2023:02:08 15:00:52,455.4
1,2023:02:08 15:00:22,446.9
1,2023:02:08 14:59:52,462.8
1,2023:02:08 14:59:22,114.2
1,2023:02:08 14:58:52,302.3
1,2023:02:08 14:58:22,314.2
1,2023:02:08 14:57:52,392.6
1,2023:02:08 14:57:22,462.8
1,2023:02:08 14:56:52,43.1
1,2023:02:08 14:56:22,156.5
1,2023:02:08 14:55:52,577.5
1,2023:02:08 14:55:22,297.7
1,2023:02:08 14:54:52,313.5
1,2023:02:08 14:54:22,120.4
1,2023:02:08 14:53:52,225.2
1,2023:02:08 14:53:22,35.0
1,2023:02:08 14:52:52,428.0
1,2023:02:08 14:52:22,338.1
1,2023:02:08 14:51:52,299.5
1,2023:02:08 14:51:22,141.6
1,2023:02:08 14:50:52,127.4
1,2023:02:08 14:50:22,191.6
1,2023:02:08 14:49:52,573.4
1,2023:02:08 14:49:22,36.0
1,2023:02:08 14:48:52,170.5
1,2023:02:08 14:48:22,276.6
1,2023:02:08 14:47:52,73.8
1,2023:02:08 14:47:22,107.0
1,2023:02:08 14:46:52,547.9
1,2023:02:08 14:46:22,438.4
1,2023:02:08 14:45:52,457.1
1,2023:02:08 14:45:22,518.8
1,2023:02:08 14:44:52,548.6
1,2023:02:08 14:44:22,461.9
1,2023:02:08 14:43:52,387.7
1,2023:02:08 14:43:22,278.6
1,2023:02:08 14:42:52,2.0
1,2023:02:08 14:42:22,222.7
1,2023:02:08 14:41:52,436.6
1,2023:02:08 14:41:22,235.8
1,2023:02:08 14:40:52,597.3
1,2023:02:08 14:40:22,323.8
1,2023:02:08 14:39:52,585.0
1,2023:02:08 14:39:22,155.5
1,2023:02:08 14:38:52,107.2
1,2023:02:08 14:38:22,546.8
1,2023:02:08 14:37:52,317.8
1,2023:02:08 14:37:22,323.4
1,2023:02:08 14:36:52,370.8
1,2023:02:08 14:36:22,82.0
1,2023:02:08 14:35:52,126.9
1,2023:02:08 14:35:22,428.4
1,2023:02:08 14:34:52,93.4
1,2023:02:08 14:34:22,380.5
1,2023:02:08 14:33:52,451.2
1,2023:02:08 14:33:22,28.9
1,2023:02:08 14:32:52,163.8
1,2023:02:08 14:32:22,276.5
1,2023:02:08 14:31:52,582.7
1,2023:02:08 14:31:22,375.7
1,2023:02:08 14:30:52,298.9
1,2023:02:08 14:30:22,75.4
1,2023:02:08 14:29:52,24.7
1,2023:02:08 14:29:22,273.2
1,2023:02:08 14:28:52,58.1
1,2023:02:08 14:28:22,363.4
1,2023:02:08 14:27:52,523.3
1,2023:02:08 14:27:22,342.1
1,2023:02:08 14:26:52,361.8
1,2023:02:08 14:26:22,308.4
1,2023:02:08 14:25:52,128.4
1,2023:02:08 14:25:22,411.8
1,2023:02:08 14:24:52,41.0
1,2023:02:08 14:24:22,126.3
1,2023:02:08 14:23:52,446.2
1,2023:02:08 14:23:22,548.7
1,2023:02:08 14:22:52,155.1
1,2023:02:08 14:22:22,115.8
1,2023:02:08 14:21:52,215.6
1,2023:02:08 14:21:22,504.9
1,2023:02:08 14:20:52,301.3
1,2023:02:08 14:20:22,544.2
1,2023:02:08 14:19:52,6.3
1,2023:02:08 14:19:22,426.4
1,2023:02:08 14:18:52,511.7
1,2023:02:08 14:18:22,21.3
1,2023:02:08 14:17:52,501.9
1,2023:02:08 14:17:22,322.9
1,2023:02:08 14:16:52,172.7
1,2023:02:08 14:16:22,163.0
1,2023:02:08 14:15:52,101.5
1,2023:02:08 14:15:22,431.0
1,2023:02:08 14:14:52,489.7
1,2023:02:08 14:14:22,399.5
1,2023:02:08 14:13:52,280.2
1,2023:02:08 14:13:22,520.8
1,2023:02:08 14:12:52,5.0
1,2023:02:08 14:12:22,284.7
1,2023:02:08 14:11:52,82.6
1,2023:02:08 14:11:22,502.0
1,2023:02:08 14:10:52,556.0
1,2023:02:08 14:10:22,5.8
1,2023:02:08 14:09:52,326.8
1,2023:02:08 14:09:22,118.7
1,2023:02:08 14:08:52,44.7
1,2023:02:08 14:08:22,13.7
1,2023:02:08 14:07:52,292.2
1,2023:02:08 14:07:22,248.9
1,2023:02:08 14:06:52,201.4
1,2023:02:08 14:06:22,428.4
1,2023:02:08 14:05:52,580.9
1,2023:02:08 14:05:22,544.3
1,2023:02:08 14:04:52,549.0
1,2023:02:08 14:04:22,369.9
1,2023:02:08 14:03:52,489.6
1,2023:02:08 14:03:22,138.4
1,2023:02:08 14:02:52,284.1
1,2023:02:08 14:02:22,599.9
1,2023:02:08 14:01:52,237.0
1,2023:02:08 14:01:22,9.3
1,2023:02:08 14:00:52,129.5
1,2023:02:08 14:00:22,431.5
1,2023:02:08 13:59:52,269.0
1,2023:02:08 13:59:22,565.1
1,2023:02:08 13:58:52,443.3
1,2023:02:08 13:58:22,83.7
1,2023:02:08 13:57:52,522.9
1,2023:02:08 13:57:22,596.0
1,2023:02:08 13:56:52,184.1
1,2023:02:08 13:56:22,129.0
1,2023:02:08 13:55:52,583.9
1,2023:02:08 13:55:22,368.7
1,2023:02:08 13:54:52,444.4
1,2023:02:08 13:54:22,151.8
1,2023:02:08 13:53:52,397.9
1,2023:02:08 13:53:22,379.6
1,2023:02:08 13:52:52,89.3
1,2023:02:08 13:52:22,100.8
1,2023:02:08 13:51:52,576.1
1,2023:02:08 13:51:22,281.1
1,2023:02:08 13:50:52,535.8
1,2023:02:08 13:50:22,378.4
1,2023:02:08 13:49:52,87.3
1,2023:02:08 13:49:22,555.9
1,2023:02:08 13:48:52,268.5
1,2023:02:08 13:48:22,48.0
1,2023:02:08 13:47:52,362.5
1,2023:02:08 13:47:22,265.3
1,2023:02:08 13:46:52,542.2
1,2023:02:08 13:46:22,419.0
1,2023:02:08 13:45:52,426.2
1,2023:02:08 13:45:22,367.5
1,2023:02:08 13:44:52,219.0
1,2023:02:08 13:44:22,455.7
1,2023:02:08 13:43:52,427.9
1,2023:02:08 13:43:22,400.7
1,2023:02:08 13:42:52,140.4
1,2023:02:08 13:42:22,305.7
1,2023:02:08 13:41:52,15.2
1,2023:02:08 13:41:22,159.9
1,2023:02:08 13:40:52,204.7
1,2023:02:08 13:40:22,0.7
1,2023:02:08 13:39:52,590.6
1,2023:02:08 13:39:22,370.5
1,2023:02:08 13:38:52,199.4
1,2023:02:08 13:38:22,203.0
1,2023:02:08 13:37:52,540.8
1,2023:02:08 13:37:22,339.7
1,2023:02:08 13:36:52,483.6
1,2023:02:08 13:36:22,478.9
1,2023:02:08 13:35:52,306.3
1,2023:02:08 13:35:22,259.4
1,2023:02:08 13:34:52,335.8
1,2023:02:08 13:34:22,70.7
1,2023:02:08 13:33:52,17.7
1,2023:02:08 13:33:22,159.7
1,2023:02:08 13:32:52,477.4
1,2023:02:08 13:32:22,251.8
1,2023:02:08 13:31:52,210.4
1,2023:02:08 13:31:22,225.9
1,2023:02:08 13:30:52,250.0
1,2023:02:08 13:30:22,373.2
1,2023:02:08 13:29:52,319.4
1,2023:02:08 13:29:22,597.1
1,2023:02:08 13:28:52,529.6
1,2023:02:08 13:28:22,309.8
1,2023:02:08 13:27:52,388.8
1,2023:02:08 13:27:22,188.6
1,2023:02:08 13:26:52,450.8
1,2023:02:08 13:26:22,156.0
1,2023:02:08 13:25:52,132.6
1,2023:02:08 13:25:22,77.5
1,2023:02:08 13:24:52,489.7
1,2023:02:08 13:24:22,239.8
1,2023:02:08 13:23:52,528.3
1,2023:02:08 13:23:22,446.3
1,2023:02:08 13:22:52,319.3
1,2023:02:08 13:22:22,23.8
1,2023:02:08 13:21:52,487.9
1,2023:02:08 13:21:22,272.4
1,2023:02:08 13:20:52,434.5
1,2023:02:08 13:20:22,380.7
1,2023:02:08 13:19:52,559.0
1,2023:02:08 13:19:22,128.1
1,2023:02:08 13:18:52,542.5
1,2023:02:08 13:18:22,222.0
1,2023:02:08 13:17:52,143.4
1,2023:02:08 13:17:22,416.1
1,2023:02:08 13:16:52,261.5
1,2023:02:08 13:16:22,353.9
1,2023:02:08 13:15:52,434.6
1,2023:02:08 13:15:22,6.5
1,2023:02:08 13:14:52,438.8
1,2023:02:08 13:14:22,126.9
1,2023:02:08 13:13:52,238.4
1,2023:02:08 13:13:22,172.2
1,2023:02:08 13:12:52,204.9
1,2023:02:08 13:12:22,46.8
1,2023:02:08 13:11:52,538.5
1,2023:02:08 13:11:22,370.8
1,2023:02:08 13:10:52,329.8
1,2023:02:08 13:10:22,408.2
1,2023:02:08 13:09:52,18.8
1,2023:02:08 13:09:22,437.7
1,2023:02:08 13:08:52,507.2
1,2023:02:08 13:08:22,481.5
1,2023:02:08 13:07:52,117.1
1,2023:02:08 13:07:22,109.1
1,2023:02:08 13:06:52,61.7
1,2023:02:08 13:06:22,529.2
1,2023:02:08 13:05:52,582.4
1,2023:02:08 13:05:22,141.8
1,2023:02:08 13:04:52,0.4
1,2023:02:08 13:04:22,231.1
1,2023:02:08 13:03:52,427.4
1,2023:02:08 13:03:22,515.6
1,2023:02:08 13:02:52,303.8
1,2023:02:08 13:02:22,560.6
1,2023:02:08 13:01:52,420.8
1,2023:02:08 13:01:22,459.4
1,2023:02:08 13:00:52,369.1
1,2023:02:08 13:00:22,555.7
1,2023:02:08 12:59:52,592.2
1,2023:02:08 12:59:22,102.7
1,2023:02:08 12:58:52,159.6
1,2023:02:08 12:58:22,282.8
1,2023:02:08 12:57:52,216.9
1,2023:02:08 12:57:22,535.1
1,2023:02:08 12:56:52,320.3
1,2023:02:08 12:56:22,60.4
1,2023:02:08 12:55:52,183.0
1,2023:02:08 12:55:22,527.6
1,2023:02:08 12:54:52,391.7
1,2023:02:08 12:54:22,70.1
1,2023:02:08 12:53:52,233.6
1,2023:02:08 12:53:22,468.2
1,2023:02:08 12:52:52,244.2
1,2023:02:08 12:52:22,64.0
1,2023:02:08 12:51:52,222.5
1,2023:02:08 12:51:22,330.2
1,2023:02:08 12:50:52,418.4
1,2023:02:08 12:50:22,478.6
1,2023:02:08 12:49:52,133.3
1,2023:02:08 12:49:22,150.7
1,2023:02:08 12:48:52,86.3
1,2023:02:08 12:48:22,344.0
1,2023:02:08 12:47:52,224.8
1,2023:02:08 12:47:22,101.3
1,2023:02:08 12:46:52,148.0
1,2023:02:08 12:46:22,174.8
1,2023:02:08 12:45:52,165.3
1,2023:02:08 12:45:22,88.3
1,2023:02:08 12:44:52,236.2
1,2023:02:08 12:44:22,52.2
1,2023:02:08 12:43:52,333.7
1,2023:02:08 12:43:22,61.6
1,2023:02:08 12:42:52,578.0
1,2023:02:08 12:42:22,481.6
1,2023:02:08 12:41:52,477.9
1,2023:02:08 12:41:22,131.2
1,2023:02:08 12:40:52,518.0
1,2023:02:08 12:40:22,147.3
1,2023:02:08 12:39:52,499.7
1,2023:02:08 12:39:22,191.9
1,2023:02:08 12:38:52,273.6
1,2023:02:08 12:38:22,52.8
1,2023:02:08 12:37:52,582.7
1,2023:02:08 12:37:22,204.6
1,2023:02:08 12:36:52,115.0
1,2023:02:08 12:36:22,407.9
1,2023:02:08 12:35:52,367.8
1,2023:02:08 12:35:22,406.6
1,2023:02:08 12:34:52,171.3
1,2023:02:08 12:34:22,362.2
1,2023:02:08 12:33:52,581.3
1,2023:02:08 12:33:22,238.7
1,2023:02:08 12:32:52,513.2
1,2023:02:08 12:32:22,82.1
1,2023:02:08 12:31:52,186.2
1,2023:02:08 12:31:22,446.5
1,2023:02:08 12:30:52,406.5
1,2023:02:08 12:30:22,3.5
1,2023:02:08 12:29:52,166.0
1,2023:02:08 12:29:22,213.5
1,2023:02:08 12:28:52,537.4
1,2023:02:08 12:28:22,248.4
1,2023:02:08 12:27:52,552.2
1,2023:02:08 12:27:22,462.2
1,2023:02:08 12:26:52,86.4
1,2023:02:08 12:26:22,573.3
1,2023:02:08 12:25:52,436.0
1,2023:02:08 12:25:22,15.7
1,2023:02:08 12:24:52,239.8
1,2023:02:08 12:24:22,110.7
1,2023:02:08 12:23:52,23.2
1,2023:02:08 12:23:22,443.6
1,2023:02:08 12:22:52,573.8
1,2023:02:08 12:22:22,307.5
1,2023:02:08 12:21:52,507.3
1,2023:02:08 12:21:22,250.0
1,2023:02:08 12:20:52,252.2
1,2023:02:08 12:20:22,313.0
1,2023:02:08 12:19:52,438.1
1,2023:02:08 12:19:22,177.1
1,2023:02:08 12:18:52,311.5
1,2023:02:08 12:18:22,15.7
1,2023:02:08 12:17:52,459.0
1,2023:02:08 12:17:22,526.3
1,2023:02:08 12:16:52,21.6
1,2023:02:08 12:16:22,277.9
1,2023:02:08 12:15:52,372.6
1,2023:02:08 12:15:22,475.5
1,2023:02:08 12:14:52,274.4
1,2023:02:08 12:14:22,297.4
1,2023:02:08 12:13:52,554.4
1,2023:02:08 12:13:22,199.5
1,2023:02:08 12:12:52,401.4
1,2023:02:08 12:12:22,263.3
1,2023:02:08 12:11:52,13.3
1,2023:02:08 12:11:22,465.9
1,2023:02:08 12:10:52,266.0
1,2023:02:08 12:10:22,131.1
1,2023:02:08 12:09:52,301.2
1,2023:02:08 12:09:22,125.0
1,2023:02:08 12:08:52,586.5
1,2023:02:08 12:08:22,368.9
1,2023:02:08 12:07:52,315.5
1,2023:02:08 12:07:22,282.5
1,2023:02:08 12:06:52,377.5
1,2023:02:08 12:06:22,237.5
1,2023:02:08 12:05:52,562.7
1,2023:02:08 12:05:22,5.9
1,2023:02:08 12:04:52,530.8
1,2023:02:08 12:04:22,73.8
1,2023:02:08 12:03:52,54.1
1,2023:02:08 12:03:22,311.1
1,2023:02:08 12:02:52,74.3
1,2023:02:08 12:02:22,447.8
1,2023:02:08 12:01:52,132.1
1,2023:02:08 12:01:22,244.7
1,2023:02:08 12:00:52,285.7
1,2023:02:08 12:00:22,371.9
1,2023:02:08 11:59:52,14.6
1,2023:02:08 11:59:22,37.6
1,2023:02:08 11:58:52,409.6
1,2023:02:08 11:58:22,249.3
1,2023:02:08 11:57:52,272.3
1,2023:02:08 11:57:22,598.5
1,2023:02:08 11:56:52,104.4
1,2023:02:08 11:56:22,546.3
1,2023:02:08 11:55:52,418.1
1,2023:02:08 11:55:22,374.2
1,2023:02:08 11:54:52,351.5
1,2023:02:08 11:54:22,29.0
1,2023:02:08 11:53:52,578.6
1,2023:02:08 11:53:22,381.5
1,2023:02:08 11:52:52,457.8
1,2023:02:08 11:52:22,453.4
1,2023:02:08 11:51:52,321.6
1,2023:02:08 11:51:22,117.7
1,2023:02:08 11:50:52,254.6
1,2023:02:08 11:50:22,49.9
1,2023:02:08 11:49:52,43.0
1,2023:02:08 11:49:22,191.7
1,2023:02:08 11:48:52,231.8
1,2023:02:08 11:48:22,221.2
1,2023:02:08 11:47:52,20.5
1,2023:02:08 11:47:22,415.4
1,2023:02:08 11:46:52,230.7
1,2023:02:08 11:46:22,193.8
1,2023:02:08 11:45:52,467.6
1,2023:02:08 11:45:22,405.8
1,2023:02:08 11:44:52,342.0
1,2023:02:08 11:44:22,263.0
1,2023:02:08 11:43:52,512.3
1,2023:02:08 11:43:22,195.8
1,2023:02:08 11:42:52,348.6
1,2023:02:08 11:42:22,485.9
1,2023:02:08 11:41:52,4.4
1,2023:02:08 11:41:22,240.5
1,2023:02:08 11:40:52,6.3
1,2023:02:08 11:40:22,327.9
1,2023:02:08 11:39:52,377.0
1,2023:02:08 11:39:22,317.9
1,2023:02:08 11:38:52,140.5
1,2023:02:08 11:38:22,433.9
1,2023:02:08 11:37:52,303.5
1,2023:02:08 11:37:22,461.0
1,2023:02:08 11:36:52,140.3
1,2023:02:08 11:36:22,551.9
1,2023:02:08 11:35:52,230.3
1,2023:02:08 11:35:22,457.8
1,2023:02:08 11:34:52,442.7
1,2023:02:08 11:34:22,375.7
1,2023:02:08 11:33:52,221.9
1,2023:02:08 11:33:22,417.7
1,2023:02:08 11:32:52,310.3
1,2023:02:08 11:32:22,253.0
1,2023:02:08 11:31:52,228.6
1,2023:02:08 11:31:22,307.8
1,2023:02:08 11:30:52,162.4
1,2023:02:08 11:30:22,476.1
1,2023:02:08 11:29:52,79.3
1,2023:02:08 11:29:22,220.5
1,2023:02:08 11:28:52,516.0
1,2023:02:08 11:28:22,476.8
1,2023:02:08 11:27:52,126.4
1,2023:02:08 11:27:22,23.3
1,2023:02:08 11:26:52,242.5
1,2023:02:08 11:26:22,276.3
1,2023:02:08 11:25:52,62.3
1,2023:02:08 11:25:22,126.5
1,2023:02:08 11:24:52,110.9
1,2023:02:08 11:24:22,292.6
1,2023:02:08 11:23:52,522.4
1,2023:02:08 11:23:22,409.6
1,2023:02:08 11:22:52,345.1
1,2023:02:08 11:22:22,561.8
1,2023:02:08 11:21:52,180.7
1,2023:02:08 11:21:22,52.1
1,2023:02:08 11:20:52,569.8
1,2023:02:08 11:20:22,2.2
1,2023:02:08 11:19:52,405.1
1,2023:02:08 11:19:22,90.3
1,2023:02:08 11:18:52,533.3
1,2023:02:08 11:18:22,333.6
1,2023:02:08 11:17:52,584.0
1,2023:02:08 11:17:22,32.0
1,2023:02:08 11:16:52,340.9
1,2023:02:08 11:16:22,479.8
1,2023:02:08 11:15:52,245.3
1,2023:02:08 11:15:22,126.8
1,2023:02:08 11:14:52,586.5
1,2023:02:08 11:14:22,145.0
1,2023:02:08 11:13:52,575.8
1,2023:02:08 11:13:22,218.7
1,2023:02:08 11:12:52,13.5
1,2023:02:08 11:12:22,202.7
1,2023:02:08 11:11:52,426.2
1,2023:02:08 11:11:22,85.0
1,2023:02:08 11:10:52,596.1
1,2023:02:08 11:10:22,352.6
1,2023:02:08 11:09:52,370.7
1,2023:02:08 11:09:22,390.7
1,2023:02:08 11:08:52,353.4
1,2023:02:08 11:08:22,556.5
1,2023:02:08 11:07:52,258.9
1,2023:02:08 11:07:22,54.2
1,2023:02:08 11:06:52,571.5
1,2023:02:08 11:06:22,155.6
1,2023:02:08 11:05:52,100.3
1,2023:02:08 11:05:22,109.9
1,2023:02:08 11:04:52,566.3
1,2023:02:08 11:04:22,241.8
1,2023:02:08 11:03:52,199.9
1,2023:02:08 11:03:22,456.9
1,2023:02:08 11:02:52,284.8
1,2023:02:08 11:02:22,126.3
1,2023:02:08 11:01:52,308.6
1,2023:02:08 11:01:22,158.7
1,2023:02:08 11:00:52,113.2
1,2023:02:08 11:00:22,333.0
1,2023:02:08 10:59:52,226.3
1,2023:02:08 10:59:22,299.9
1,2023:02:08 10:58:52,591.3
1,2023:02:08 10:58:22,73.5
1,2023:02:08 10:57:52,413.7
1,2023:02:08 10:57:22,438.4
1,2023:02:08 10:56:52,123.3
1,2023:02:08 10:56:22,486.4
1,2023:02:08 10:55:52,66.2
1,2023:02:08 10:55:22,490.0
1,2023:02:08 10:54:52,195.7
1,2023:02:08 10:54:22,342.6
1,2023:02:08 10:53:52,107.2
1,2023:02:08 10:53:22,499.1
1,2023:02:08 10:52:52,359.2
1,2023:02:08 10:52:22,81.6
1,2023:02:08 10:51:52,371.4
1,2023:02:08 10:51:22,69.1
1,2023:02:08 10:50:52,22.5
1,2023:02:08 10:50:22,381.8
1,2023:02:08 10:49:52,451.1
1,2023:02:08 10:49:22,12.5
1,2023:02:08 10:48:52,520.3
1,2023:02:08 10:48:22,136.2
1,2023:02:08 10:47:52,476.0
1,2023:02:08 10:47:22,430.7
1,2023:02:08 10:46:52,294.6
1,2023:02:08 10:46:22,124.1
1,2023:02:08 10:45:52,543.5
1,2023:02:08 10:45:22,352.4
1,2023:02:08 10:44:52,444.6
1,2023:02:08 10:44:22,243.4
1,2023:02:08 10:43:52,292.1
1,2023:02:08 10:43:22,562.8
1,2023:02:08 10:42:52,112.5
1,2023:02:08 10:42:22,29.8
1,2023:02:08 10:41:52,563.5
1,2023:02:08 10:41:22,134.6
1,2023:02:08 10:40:52,547.8
1,2023:02:08 10:40:22,528.7
1,2023:02:08 10:39:52,354.9
1,2023:02:08 10:39:22,61.3
1,2023:02:08 10:38:52,145.1
1,2023:02:08 10:38:22,81.8
1,2023:02:08 10:37:52,209.9
1,2023:02:08 10:37:22,349.7
1,2023:02:08 10:36:52,214.3
1,2023:02:08 10:36:22,532.5
1,2023:02:08 10:35:52,548.8
1,2023:02:08 10:35:22,418.0
1,2023:02:08 10:34:52,418.8
1,2023:02:08 10:34:22,146.1
1,2023:02:08 10:33:52,484.2
1,2023:02:08 10:33:22,142.1
1,2023:02:08 10:32:52,355.9
1,2023:02:08 10:32:22,179.0
1,2023:02:08 10:31:52,492.0
1,2023:02:08 10:31:22,248.0
1,2023:02:08 10:30:52,12.6
1,2023:02:08 10:30:22,406.1
1,2023:02:08 10:29:52,0.8
1,2023:02:08 10:29:22,142.5
1,2023:02:08 10:28:52,392.8
1,2023:02:08 10:28:22,74.5
1,2023:02:08 10:27:52,118.2
1,2023:02:08 10:27:22,77.1
1,2023:02:08 10:26:52,195.1
1,2023:02:08 10:26:22,52.4
1,2023:02:08 10:25:52,399.1
1,2023:02:08 10:25:22,288.8
1,2023:02:08 10:24:52,208.0
1,2023:02:08 10:24:22,109.1
1,2023:02:08 10:23:52,251.2
1,2023:02:08 10:23:22,397.6
1,2023:02:08 10:22:52,127.2
1,2023:02:08 10:22:22,264.2
1,2023:02:08 10:21:52,600.0
1,2023:02:08 10:21:22,104.8
1,2023:02:08 10:20:52,541.5
1,2023:02:08 10:20:22,332.6
1,2023:02:08 10:19:52,278.0
1,2023:02:08 10:19:22,355.0
1,2023:02:08 10:18:52,292.5
1,2023:02:08 10:18:22,410.9
1,2023:02:08 10:17:52,51.2
1,2023:02:08 10:17:22,594.2
1,2023:02:08 10:16:52,364.2
1,2023:02:08 10:16:22,388.0
1,2023:02:08 10:15:52,373.5
1,2023:02:08 10:15:22,57.8
1,2023:02:08 10:14:52,581.4
1,2023:02:08 10:14:22,365.6
1,2023:02:08 10:13:52,216.7
1,2023:02:08 10:13:22,191.0
1,2023:02:08 10:12:52,264.7
1,2023:02:08 10:12:22,44.5
1,2023:02:08 10:11:52,419.0
1,2023:02:08 10:11:22,342.9
1,2023:02:08 10:10:52,540.0
1,2023:02:08 10:10:22,113.5
1,2023:02:08 10:09:52,406.9
1,2023:02:08 10:09:22,512.5
1,2023:02:08 10:08:52,270.5
1,2023:02:08 10:08:22,393.6
1,2023:02:08 10:07:52,420.7
1,2023:02:08 10:07:22,528.5
1,2023:02:08 10:06:52,291.9
1,2023:02:08 10:06:22,523.7
1,2023:02:08 10:05:52,51.4
1,2023:02:08 10:05:22,541.5
1,2023:02:08 10:04:52,458.2
1,2023:02:08 10:04:22,442.2
1,2023:02:08 10:03:52,212.7
1,2023:02:08 10:03:22,156.3
1,2023:02:08 10:02:52,223.1
1,2023:02:08 10:02:22,152.9
1,2023:02:08 10:01:52,340.9
1,2023:02:08 10:01:22,111.5
1,2023:02:08 10:00:52,356.2
1,2023:02:08 10:00:22,137.7
1,2023:02:08 09:59:52,95.5
1,2023:02:08 09:59:22,512.9
1,2023:02:08 09:58:52,128.8
1,2023:02:08 09:58:22,54.4
1,2023:02:08 09:57:52,143.6
1,2023:02:08 09:57:22,46.7
1,2023:02:08 09:56:52,575.6
1,2023:02:08 09:56:22,256.4
1,2023:02:08 09:55:52,298.1
1,2023:02:08 09:55:22,57.1
1,2023:02:08 09:54:52,410.2
1,2023:02:08 09:54:22,294.8
1,2023:02:08 09:53:52,216.5
1,2023:02:08 09:53:22,155.7
1,2023:02:08 09:52:52,188.9
1,2023:02:08 09:52:22,193.3
1,2023:02:08 09:51:52,336.8
1,2023:02:08 09:51:22,39.3
1,2023:02:08 09:50:52,503.5
1,2023:02:08 09:50:22,242.7
1,2023:02:08 09:49:52,15.5
1,2023:02:08 09:49:22,532.0
1,2023:02:08 09:48:52,432.8
1,2023:02:08 09:48:22,458.9
1,2023:02:08 09:47:52,359.7
1,2023:02:08 09:47:22,298.2
1,2023:02:08 09:46:52,353.0
1,2023:02:08 09:46:22,431.5
1,2023:02:08 09:45:52,210.9
1,2023:02:08 09:45:22,528.3
1,2023:02:08 09:44:52,181.8
1,2023:02:08 09:44:22,292.6
1,2023:02:08 09:43:52,310.0
1,2023:02:08 09:43:22,534.5
1,2023:02:08 09:42:52,534.4
1,2023:02:08 09:42:22,178.0
1,2023:02:08 09:41:52,542.2
1,2023:02:08 09:41:22,188.8
1,2023:02:08 09:40:52,194.3
1,2023:02:08 09:40:22,315.8
1,2023:02:08 09:39:52,592.0
1,2023:02:08 09:39:22,251.4
1,2023:02:08 09:38:52,595.8
1,2023:02:08 09:38:22,146.5
1,2023:02:08 09:37:52,419.4
1,2023:02:08 09:37:22,131.1
1,2023:02:08 09:36:52,308.2
1,2023:02:08 09:36:22,342.1
1,2023:02:08 09:35:52,487.2
1,2023:02:08 09:35:22,470.2
1,2023:02:08 09:34:52,487.2
1,2023:02:08 09:34:22,567.6
1,2023:02:08 09:33:52,203.8
1,2023:02:08 09:33:22,335.1
1,2023:02:08 09:32:52,444.3
1,2023:02:08 09:32:22,161.7
1,2023:02:08 09:31:52,320.2
1,2023:02:08 09:31:22,432.5
1,2023:02:08 09:30:52,346.1
1,2023:02:08 09:30:22,91.5
1,2023:02:08 09:29:52,214.0
1,2023:02:08 09:29:22,364.3
1,2023:02:08 09:28:52,558.7
1,2023:02:08 09:28:22,572.1
1,2023:02:08 09:27:52,410.0
1,2023:02:08 09:27:22,415.5
1,2023:02:08 09:26:52,437.0
1,2023:02:08 09:26:22,377.4
1,2023:02:08 09:25:52,574.0
1,2023:02:08 09:25:22,488.2
1,2023:02:08 09:24:52,135.7
1,2023:02:08 09:24:22,371.5
1,2023:02:08 09:23:52,185.6
1,2023:02:08 09:23:22,414.9
1,2023:02:08 09:22:52,241.6
1,2023:02:08 09:22:22,268.8
1,2023:02:08 09:21:52,11.7
1,2023:02:08 09:21:22,594.1
1,2023:02:08 09:20:52,85.1
1,2023:02:08 09:20:22,127.3
1,2023:02:08 09:19:52,327.1
1,2023:02:08 09:19:22,4.9
1,2023:02:08 09:18:52,503.2
1,2023:02:08 09:18:22,117.1
1,2023:02:08 09:17:52,212.8
1,2023:02:08 09:17:22,436.8
1,2023:02:08 09:16:52,461.2
1,2023:02:08 09:16:22,451.1
1,2023:02:08 09:15:52,352.1
1,2023:02:08 09:15:22,161.2
1,2023:02:08 09:14:52,283.4
1,2023:02:08 09:14:22,297.5
1,2023:02:08 09:13:52,475.6
1,2023:02:08 09:13:22,342.4
1,2023:02:08 09:12:52,298.9
1,2023:02:08 09:12:22,542.0
1,2023:02:08 09:11:52,598.1
1,2023:02:08 09:11:22,80.8
1,2023:02:08 09:10:52,267.0
1,2023:02:08 09:10:22,302.1
1,2023:02:08 09:09:52,296.5
1,2023:02:08 09:09:22,261.1
1,2023:02:08 09:08:52,294.2
1,2023:02:08 09:08:22,315.9
1,2023:02:08 09:07:52,501.6
1,2023:02:08 09:07:22,39.6
1,2023:02:08 09:06:52,423.7
1,2023:02:08 09:06:22,532.1
1,2023:02:08 09:05:52,547.7
1,2023:02:08 09:05:22,529.0
1,2023:02:08 09:04:52,336.6
1,2023:02:08 09:04:22,531.7
1,2023:02:08 09:03:52,351.9
1,2023:02:08 09:03:22,345.6
1,2023:02:08 09:02:52,148.7
1,2023:02:08 09:02:22,529.6
1,2023:02:08 09:01:52,136.6
1,2023:02:08 09:01:22,10.9
1,2023:02:08 09:00:52,246.3
1,2023:02:08 09:00:22,148.3
1,2023:02:08 08:59:52,77.6
1,2023:02:08 08:59:22,530.1
1,2023:02:08 08:58:52,100.0
1,2023:02:08 08:58:22,365.5
1,2023:02:08 08:57:52,86.5
1,2023:02:08 08:57:22,522.1
1,2023:02:08 08:56:52,270.2
1,2023:02:08 08:56:22,562.6
1,2023:02:08 08:55:52,588.9
1,2023:02:08 08:55:22,417.9
1,2023:02:08 08:54:52,535.5
1,2023:02:08 08:54:22,426.8
1,2023:02:08 08:53:52,312.5
1,2023:02:08 08:53:22,382.3
1,2023:02:08 08:52:52,332.9
1,2023:02:08 08:52:22,253.9
1,2023:02:08 08:51:52,47.2
1,2023:02:08 08:51:22,111.5
1,2023:02:08 08:50:52,314.5
1,2023:02:08 08:50:22,245.3
1,2023:02:08 08:49:52,99.5
1,2023:02:08 08:49:22,351.8
1,2023:02:08 08:48:52,64.2
1,2023:02:08 08:48:22,47.9
1,2023:02:08 08:47:52,271.4
1,2023:02:08 08:47:22,220.2
1,2023:02:08 08:46:52,341.7
1,2023:02:08 08:46:22,599.7
1,2023:02:08 08:45:52,148.4
1,2023:02:08 08:45:22,205.2
1,2023:02:08 08:44:52,554.6
1,2023:02:08 08:44:22,377.6
1,2023:02:08 08:43:52,87.5
1,2023:02:08 08:43:22,369.9
1,2023:02:08 08:42:52,411.5
1,2023:02:08 08:42:22,226.8
1,2023:02:08 08:41:52,22.2
1,2023:02:08 08:41:22,27.0
1,2023:02:08 08:40:52,412.3
1,2023:02:08 08:40:22,477.9
1,2023:02:08 08:39:52,109.9
1,2023:02:08 08:39:22,304.4
1,2023:02:08 08:38:52,54.2
1,2023:02:08 08:38:22,338.9
1,2023:02:08 08:37:52,183.4
1,2023:02:08 08:37:22,154.9
1,2023:02:08 08:36:52,493.3
1,2023:02:08 08:36:22,180.3
1,2023:02:08 08:35:52,222.3
1,2023:02:08 08:35:22,356.8
1,2023:02:08 08:34:52,528.0
1,2023:02:08 08:34:22,236.8
1,2023:02:08 08:33:52,324.8
1,2023:02:08 08:33:22,37.0
1,2023:02:08 08:32:52,532.5
1,2023:02:08 08:32:22,435.6
1,2023:02:08 08:31:52,523.9
1,2023:02:08 08:31:22,543.6
1,2023:02:08 08:30:52,70.7
1,2023:02:08 08:30:22,428.1
1,2023:02:08 08:29:52,580.6
1,2023:02:08 08:29:22,131.0
1,2023:02:08 08:28:52,143.4
1,2023:02:08 08:28:22,592.4
1,2023:02:08 08:27:52,110.3
1,2023:02:08 08:27:22,310.0
1,2023:02:08 08:26:52,33.7
1,2023:02:08 08:26:22,159.9
1,2023:02:08 08:25:52,585.4
1,2023:02:08 08:25:22,564.8
1,2023:02:08 08:24:52,74.5
1,2023:02:08 08:24:22,513.9
1,2023:02:08 08:23:52,190.6
1,2023:02:08 08:23:22,94.8
1,2023:02:08 08:22:52,451.9
1,2023:02:08 08:22:22,457.7
1,2023:02:08 08:21:52,56.1
1,2023:02:08 08:21:22,526.7
1,2023:02:08 08:20:52,147.7
1,2023:02:08 08:20:22,194.6
1,2023:02:08 08:19:52,236.2
1,2023:02:08 08:19:22,385.9
1,2023:02:08 08:18:52,23.8
1,2023:02:08 08:18:22,334.8
1,2023:02:08 08:17:52,542.3
1,2023:02:08 08:17:22,268.0
1,2023:02:08 08:16:52,158.9
1,2023:02:08 08:16:22,166.7
1,2023:02:08 08:15:52,223.0
1,2023:02:08 08:15:22,47.9
1,2023:02:08 08:14:52,189.1
1,2023:02:08 08:14:22,261.9
1,2023:02:08 08:13:52,373.8
1,2023:02:08 08:13:22,417.2
1,2023:02:08 08:12:52,224.0
1,2023:02:08 08:12:22,492.6
1,2023:02:08 08:11:52,165.7
1,2023:02:08 08:11:22,585.2
1,2023:02:08 08:10:52,452.8
1,2023:02:08 08:10:22,472.1
1,2023:02:08 08:09:52,472.1
1,2023:02:08 08:09:22,221.9
1,2023:02:08 08:08:52,371.5
1,2023:02:08 08:08:22,538.0
1,2023:02:08 08:07:52,290.4
1,2023:02:08 08:07:22,526.2
1,2023:02:08 08:06:52,2.8
1,2023:02:08 08:06:22,290.7
1,2023:02:08 08:05:52,468.8
1,2023:02:08 08:05:22,99.4
1,2023:02:08 08:04:52,591.0
1,2023:02:08 08:04:22,74.0
1,2023:02:08 08:03:52,386.0
1,2023:02:08 08:03:22,532.4
1,2023:02:08 08:02:52,565.5
1,2023:02:08 08:02:22,345.4
1,2023:02:08 08:01:52,239.7
1,2023:02:08 08:01:22,0.5
1,2023:02:08 08:00:52,512.2
1,2023:02:08 08:00:22,224.4
1,2023:02:08 07:59:52,154.3
1,2023:02:08 07:59:22,419.7
1,2023:02:08 07:58:52,216.7
1,2023:02:08 07:58:22,370.0
1,2023:02:08 07:57:52,181.1
1,2023:02:08 07:57:22,38.9
1,2023:02:08 07:56:52,460.6
1,2023:02:08 07:56:22,394.8
1,2023:02:08 07:55:52,30.7
1,2023:02:08 07:55:22,218.7
1,2023:02:08 07:54:52,174.0
1,2023:02:08 07:54:22,204.4
1,2023:02:08 07:53:52,500.1
1,2023:02:08 07:53:22,91.4
1,2023:02:08 07:52:52,176.1
1,2023:02:08 07:52:22,201.2
1,2023:02:08 07:51:52,204.0
1,2023:02:08 07:51:22,48.4
1,2023:02:08 07:50:52,364.2
1,2023:02:08 07:50:22,262.4
1,2023:02:08 07:49:52,213.6
1,2023:02:08 07:49:22,157.0
1,2023:02:08 07:48:52,407.4
1,2023:02:08 07:48:22,119.0
1,2023:02:08 07:47:52,430.0
1,2023:02:08 07:47:22,292.9
1,2023:02:08 07:46:52,304.5
1,2023:02:08 07:46:22,99.2
1,2023:02:08 07:45:52,490.3
1,2023:02:08 07:45:22,173.7
1,2023:02:08 07:44:52,420.0
1,2023:02:08 07:44:22,370.9
1,2023:02:08 07:43:52,357.8
1,2023:02:08 07:43:22,15.7
1,2023:02:08 07:42:52,256.4
1,2023:02:08 07:42:22,24.3
1,2023:02:08 07:41:52,426.3
1,2023:02:08 07:41:22,81.1
1,2023:02:08 07:40:52,364.0
1,2023:02:08 07:40:22,555.3
1,2023:02:08 07:39:52,268.7
1,2023:02:08 07:39:22,9.0
1,2023:02:08 07:38:52,438.4
1,2023:02:08 07:38:22,356.4
1,2023:02:08 07:37:52,206.2
1,2023:02:08 07:37:22,169.4
1,2023:02:08 07:36:52,304.5
1,2023:02:08 07:36:22,245.2
1,2023:02:08 07:35:52,484.7
1,2023:02:08 07:35:22,359.5
1,2023:02:08 07:34:52,360.2
1,2023:02:08 07:34:22,324.1
1,2023:02:08 07:33:52,577.6
1,2023:02:08 07:33:22,155.2
1,2023:02:08 07:32:52,244.8
1,2023:02:08 07:32:22,411.2
1,2023:02:08 07:31:52,473.3
1,2023:02:08 07:31:22,458.0
1,2023:02:08 07:30:52,537.4
1,2023:02:08 07:30:22,137.6
1,2023:02:08 07:29:52,284.2
1,2023:02:08 07:29:22,26.4
1,2023:02:08 07:28:52,421.3
1,2023:02:08 07:28:22,71.8
1,2023:02:08 07:27:52,232.4
1,2023:02:08 07:27:22,179.8
1,2023:02:08 07:26:52,286.0
1,2023:02:08 07:26:22,112.3
1,2023:02:08 07:25:52,205.1
1,2023:02:08 07:25:22,476.1
1,2023:02:08 07:24:52,136.2
1,2023:02:08 07:24:22,141.3
1,2023:02:08 07:23:52,231.6
1,2023:02:08 07:23:22,403.0
1,2023:02:08 07:22:52,460.7
1,2023:02:08 07:22:22,218.2
1,2023:02:08 07:21:52,6.9
1,2023:02:08 07:21:22,299.6
1,2023:02:08 07:20:52,427.5
1,2023:02:08 07:20:22,321.4
1,2023:02:08 07:19:52,76.8
1,2023:02:08 07:19:22,444.1
1,2023:02:08 07:18:52,65.0
1,2023:02:08 07:18:22,12.6
1,2023:02:08 07:17:52,356.9
1,2023:02:08 07:17:22,540.3
1,2023:02:08 07:16:52,297.1
1,2023:02:08 07:16:22,271.5
1,2023:02:08 07:15:52,146.3
1,2023:02:08 07:15:22,207.6
1,2023:02:08 07:14:52,397.4
1,2023:02:08 07:14:22,219.5
1,2023:02:08 07:13:52,471.7
1,2023:02:08 07:13:22,329.4
1,2023:02:08 07:12:52,402.9
1,2023:02:08 07:12:22,575.5
1,2023:02:08 07:11:52,136.5
1,2023:02:08 07:11:22,545.9
1,2023:02:08 07:10:52,351.5
1,2023:02:08 07:10:22,513.5
1,2023:02:08 07:09:52,228.8
1,2023:02:08 07:09:22,274.4
1,2023:02:08 07:08:52,243.6
1,2023:02:08 07:08:22,377.7
1,2023:02:08 07:07:52,371.7
1,2023:02:08 07:07:22,249.6
1,2023:02:08 07:06:52,446.2
1,2023:02:08 07:06:22,526.4
1,2023:02:08 07:05:52,255.3
1,2023:02:08 07:05:22,263.5
1,2023:02:08 07:04:52,64.8
1,2023:02:08 07:04:22,514.6
1,2023:02:08 07:03:52,180.7
1,2023:02:08 07:03:22,430.0
1,2023:02:08 07:02:52,59.8
1,2023:02:08 07:02:22,583.0
1,2023:02:08 07:01:52,239.7
1,2023:02:08 07:01:22,240.1
1,2023:02:08 07:00:52,294.6
1,2023:02:08 07:00:22,519.9
1,2023:02:08 06:59:52,486.4
1,2023:02:08 06:59:22,562.5
1,2023:02:08 06:58:52,423.8
1,2023:02:08 06:58:22,64.9
1,2023:02:08 06:57:52,175.1
1,2023:02:08 06:57:22,530.8
1,2023:02:08 06:56:52,316.9
1,2023:02:08 06:56:22,425.8
1,2023:02:08 06:55:52,245.4
1,2023:02:08 06:55:22,515.8
1,2023:02:08 06:54:52,92.1
1,2023:02:08 06:54:22,521.6
1,2023:02:08 06:53:52,197.3
1,2023:02:08 06:53:22,228.4
1,2023:02:08 06:52:52,277.8
1,2023:02:08 06:52:22,359.1
1,2023:02:08 06:51:52,134.0
1,2023:02:08 06:51:22,216.3
1,2023:02:08 06:50:52,321.7
1,2023:02:08 06:50:22,420.7
1,2023:02:08 06:49:52,300.0
1,2023:02:08 06:49:22,459.4
1,2023:02:08 06:48:52,241.8
1,2023:02:08 06:48:22,325.7
1,2023:02:08 06:47:52,305.2
1,2023:02:08 06:47:22,386.5
1,2023:02:08 06:46:52,397.8
1,2023:02:08 06:46:22,525.6
1,2023:02:08 06:45:52,474.1
1,2023:02:08 06:45:22,431.2
1,2023:02:08 06:44:52,424.0
1,2023:02:08 06:44:22,92.7
1,2023:02:08 06:43:52,133.7
1,2023:02:08 06:43:22,320.6
1,2023:02:08 06:42:52,398.8
1,2023:02:08 06:42:22,397.0
1,2023:02:08 06:41:52,281.3
1,2023:02:08 06:41:22,488.5
1,2023:02:08 06:40:52,373.8
1,2023:02:08 06:40:22,412.5
1,2023:02:08 06:39:52,396.0
1,2023:02:08 06:39:22,461.4
1,2023:02:08 06:38:52,565.2
1,2023:02:08 06:38:22,168.4
1,2023:02:08 06:37:52,414.8
1,2023:02:08 06:37:22,448.1
1,2023:02:08 06:36:52,598.2
1,2023:02:08 06:36:22,210.9
1,2023:02:08 06:35:52,167.5
1,2023:02:08 06:35:22,413.4
1,2023:02:08 06:34:52,290.7
1,2023:02:08 06:34:22,104.3
1,2023:02:08 06:33:52,89.0
1,2023:02:08 06:33:22,541.9
1,2023:02:08 06:32:52,162.1
1,2023:02:08 06:32:22,356.3
1,2023:02:08 06:31:52,38.6
1,2023:02:08 06:31:22,268.2
1,2023:02:08 06:30:52,513.1
1,2023:02:08 06:30:22,446.4
1,2023:02:08 06:29:52,68.0
1,2023:02:08 06:29:22,99.5
1,2023:02:08 06:28:52,136.7
1,2023:02:08 06:28:22,504.3
1,2023:02:08 06:27:52,275.8
1,2023:02:08 06:27:22,510.6
1,2023:02:08 06:26:52,332.5
1,2023:02:08 06:26:22,54.2
1,2023:02:08 06:25:52,368.8
1,2023:02:08 06:25:22,599.9
1,2023:02:08 06:24:52,514.6
1,2023:02:08 06:24:22,428.2
1,2023:02:08 06:23:52,93.8
1,2023:02:08 06:23:22,131.1
1,2023:02:08 06:22:52,340.3
1,2023:02:08 06:22:22,2.8
1,2023:02:08 06:21:52,563.3
1,2023:02:08 06:21:22,410.3
1,2023:02:08 06:20:52,592.3
1,2023:02:08 06:20:22,528.5
1,2023:02:08 06:19:52,535.2
1,2023:02:08 06:19:22,61.1
1,2023:02:08 06:18:52,230.9
1,2023:02:08 06:18:22,561.8
1,2023:02:08 06:17:52,525.7
1,2023:02:08 06:17:22,104.9
1,2023:02:08 06:16:52,198.6
1,2023:02:08 06:16:22,40.4
1,2023:02:08 06:15:52,258.8
1,2023:02:08 06:15:22,140.4
1,2023:02:08 06:14:52,390.8
1,2023:02:08 06:14:22,50.4
1,2023:02:08 06:13:52,372.4
1,2023:02:08 06:13:22,87.0
1,2023:02:08 06:12:52,387.1
1,2023:02:08 06:12:22,486.7
1,2023:02:08 06:11:52,223.7
1,2023:02:08 06:11:22,9.3
1,2023:02:08 06:10:52,178.8
1,2023:02:08 06:10:22,205.3
1,2023:02:08 06:09:52,393.5
1,2023:02:08 06:09:22,158.7
1,2023:02:08 06:08:52,96.1
1,2023:02:08 06:08:22,118.0
1,2023:02:08 06:07:52,530.9
1,2023:02:08 06:07:22,432.4
1,2023:02:08 06:06:52,88.0
1,2023:02:08 06:06:22,353.4
1,2023:02:08 06:05:52,149.0
1,2023:02:08 06:05:22,331.9
1,2023:02:08 06:04:52,48.1
1,2023:02:08 06:04:22,47.2
1,2023:02:08 06:03:52,179.5
1,2023:02:08 06:03:22,433.3
1,2023:02:08 06:02:52,12.2
1,2023:02:08 06:02:22,64.8
1,2023:02:08 06:01:52,342.7
1,2023:02:08 06:01:22,552.3
1,2023:02:08 06:00:52,501.7
1,2023:02:08 06:00:22,384.2
1,2023:02:08 05:59:52,39.9
1,2023:02:08 05:59:22,321.9
1,2023:02:08 05:58:52,564.5
1,2023:02:08 05:58:22,174.5
1,2023:02:08 05:57:52,311.6
1,2023:02:08 05:57:22,258.8
1,2023:02:08 05:56:52,401.6
1,2023:02:08 05:56:22,562.1
1,2023:02:08 05:55:52,585.7
1,2023:02:08 05:55:22,396.5
1,2023:02:08 05:54:52,401.2
1,2023:02:08 05:54:22,5.9
1,2023:02:08 05:53:52,387.3
1,2023:02:08 05:53:22,8.8
1,2023:02:08 05:52:52,216.3
1,2023:02:08 05:52:22,532.4
1,2023:02:08 05:51:52,413.1
1,2023:02:08 05:51:22,309.2
1,2023:02:08 05:50:52,487.2
1,2023:02:08 05:50:22,41.3
1,2023:02:08 05:49:52,291.3
1,2023:02:08 05:49:22,175.1
1,2023:02:08 05:48:52,308.2
1,2023:02:08 05:48:22,87.8
1,2023:02:08 05:47:52,222.6
1,2023:02:08 05:47:22,312.3
1,2023:02:08 05:46:52,236.3
1,2023:02:08 05:46:22,555.2
1,2023:02:08 05:45:52,398.1
1,2023:02:08 05:45:22,356.1
1,2023:02:08 05:44:52,0.8
1,2023:02:08 05:44:22,329.1
1,2023:02:08 05:43:52,460.5
1,2023:02:08 05:43:22,457.4
1,2023:02:08 05:42:52,140.8
1,2023:02:08 05:42:22,163.8
1,2023:02:08 05:41:52,397.7
1,2023:02:08 05:41:22,343.9
1,2023:02:08 05:40:52,296.5
1,2023:02:08 05:40:22,13.1
1,2023:02:08 05:39:52,436.9
1,2023:02:08 05:39:22,420.3
1,2023:02:08 05:38:52,352.4
1,2023:02:08 05:38:22,158.2
1,2023:02:08 05:37:52,181.3
1,2023:02:08 05:37:22,537.4
1,2023:02:08 05:36:52,266.2
1,2023:02:08 05:36:22,136.6
1,2023:02:08 05:35:52,393.6
1,2023:02:08 05:35:22,392.5
1,2023:02:08 05:34:52,432.3
1,2023:02:08 05:34:22,46.2
1,2023:02:08 05:33:52,344.9
1,2023:02:08 05:33:22,487.4
1,2023:02:08 05:32:52,354.9
1,2023:02:08 05:32:22,144.6
1,2023:02:08 05:31:52,514.3
1,2023:02:08 05:31:22,290.7
1,2023:02:08 05:30:52,454.9
1,2023:02:08 05:30:22,230.7
1,2023:02:08 05:29:52,432.5
1,2023:02:08 05:29:22,271.6
1,2023:02:08 05:28:52,520.4
1,2023:02:08 05:28:22,83.1
1,2023:02:08 05:27:52,127.6
1,2023:02:08 05:27:22,158.7
1,2023:02:08 05:26:52,574.9
1,2023:02:08 05:26:22,497.6
1,2023:02:08 05:25:52,163.5
1,2023:02:08 05:25:22,5.6
1,2023:02:08 05:24:52,596.3
1,2023:02:08 05:24:22,211.1
1,2023:02:08 05:23:52,443.6
1,2023:02:08 05:23:22,425.2
1,2023:02:08 05:22:52,214.0
1,2023:02:08 05:22:22,6.6
1,2023:02:08 05:21:52,115.1
1,2023:02:08 05:21:22,448.9
1,2023:02:08 05:20:52,151.4
1,2023:02:08 05:20:22,52.4
1,2023:02:08 05:19:52,210.0
1,2023:02:08 05:19:22,472.3
1,2023:02:08 05:18:52,228.4
1,2023:02:08 05:18:22,546.9
1,2023:02:08 05:17:52,521.2
1,2023:02:08 05:17:22,415.5
1,2023:02:08 05:16:52,473.6
1,2023:02:08 05:16:22,425.6
1,2023:02:08 05:15:52,479.8
1,2023:02:08 05:15:22,241.1
1,2023:02:08 05:14:52,67.4
1,2023:02:08 05:14:22,234.9
1,2023:02:08 05:13:52,199.7
1,2023:02:08 05:13:22,323.2
1,2023:02:08 05:12:52,9.7
1,2023:02:08 05:12:22,86.0
1,2023:02:08 05:11:52,424.9
1,2023:02:08 05:11:22,19.5
1,2023:02:08 05:10:52,589.8
1,2023:02:08 05:10:22,566.8
1,2023:02:08 05:09:52,32.8
1,2023:02:08 05:09:22,401.3
1,2023:02:08 05:08:52,529.7
1,2023:02:08 05:08:22,435.1
1,2023:02:08 05:07:52,377.4
1,2023:02:08 05:07:22,411.0
1,2023:02:08 05:06:52,519.6
1,2023:02:08 05:06:22,470.9
1,2023:02:08 05:05:52,296.6
1,2023:02:08 05:05:22,168.9
1,2023:02:08 05:04:52,480.2
1,2023:02:08 05:04:22,99.3
1,2023:02:08 05:03:52,447.2
1,2023:02:08 05:03:22,175.9
1,2023:02:08 05:02:52,529.2
1,2023:02:08 05:02:22,439.0
1,2023:02:08 05:01:52,430.7
1,2023:02:08 05:01:22,497.3
1,2023:02:08 05:00:52,122.7
1,2023:02:08 05:00:22,285.9
1,2023:02:08 04:59:52,394.6
1,2023:02:08 04:59:22,286.3
1,2023:02:08 04:58:52,65.4
1,2023:02:08 04:58:22,381.5
1,2023:02:08 04:57:52,82.5
1,2023:02:08 04:57:22,290.6
1,2023:02:08 04:56:52,526.4
1,2023:02:08 04:56:22,354.8
1,2023:02:08 04:55:52,82.3
1,2023:02:08 04:55:22,544.2
1,2023:02:08 04:54:52,123.5
1,2023:02:08 04:54:22,266.3
1,2023:02:08 04:53:52,500.0
1,2023:02:08 04:53:22,570.2
1,2023:02:08 04:52:52,561.6
1,2023:02:08 04:52:22,328.5
1,2023:02:08 04:51:52,247.1
1,2023:02:08 04:51:22,404.9
1,2023:02:08 04:50:52,408.3
1,2023:02:08 04:50:22,51.2
1,2023:02:08 04:49:52,444.4
1,2023:02:08 04:49:22,206.2
1,2023:02:08 04:48:52,223.8
1,2023:02:08 04:48:22,359.7
1,2023:02:08 04:47:52,328.9
1,2023:02:08 04:47:22,54.1
1,2023:02:08 04:46:52,370.9
1,2023:02:08 04:46:22,358.7
1,2023:02:08 04:45:52,403.1
1,2023:02:08 04:45:22,231.6
1,2023:02:08 04:44:52,80.7
1,2023:02:08 04:44:22,512.3
1,2023:02:08 04:43:52,269.0
1,2023:02:08 04:43:22,178.3
1,2023:02:08 04:42:52,37.1
1,2023:02:08 04:42:22,305.1
1,2023:02:08 04:41:52,278.1
1,2023:02:08 04:41:22,168.4
1,2023:02:08 04:40:52,565.8
1,2023:02:08 04:40:22,386.9
1,2023:02:08 04:39:52,15.5
1,2023:02:08 04:39:22,346.4
1,2023:02:08 04:38:52,349.0
1,2023:02:08 04:38:22,222.8
1,2023:02:08 04:37:52,541.8
1,2023:02:08 04:37:22,329.3
1,2023:02:08 04:36:52,477.5
1,2023:02:08 04:36:22,199.1
1,2023:02:08 04:35:52,61.9
1,2023:02:08 04:35:22,484.8
1,2023:02:08 04:34:52,178.8
1,2023:02:08 04:34:22,325.6
1,2023:02:08 04:33:52,157.3
1,2023:02:08 04:33:22,131.2
1,2023:02:08 04:32:52,378.8
1,2023:02:08 04:32:22,35.4
1,2023:02:08 04:31:52,584.5
1,2023:02:08 04:31:22,376.2
1,2023:02:08 04:30:52,432.3
1,2023:02:08 04:30:22,251.2
1,2023:02:08 04:29:52,139.5
1,2023:02:08 04:29:22,464.0
1,2023:02:08 04:28:52,205.6
1,2023:02:08 04:28:22,421.1
1,2023:02:08 04:27:52,314.2
1,2023:02:08 04:27:22,20.3
1,2023:02:08 04:26:52,485.1
1,2023:02:08 04:26:22,244.3
1,2023:02:08 04:25:52,324.9
1,2023:02:08 04:25:22,186.8
1,2023:02:08 04:24:52,83.9
1,2023:02:08 04:24:22,90.4
1,2023:02:08 04:23:52,7.5
1,2023:02:08 04:23:22,184.9
1,2023:02:08 04:22:52,392.5
1,2023:02:08 04:22:22,279.8
1,2023:02:08 04:21:52,234.3
1,2023:02:08 04:21:22,199.9
1,2023:02:08 04:20:52,68.0
1,2023:02:08 04:20:22,387.8
1,2023:02:08 04:19:52,422.2
1,2023:02:08 04:19:22,567.9
1,2023:02:08 04:18:52,504.3
1,2023:02:08 04:18:22,190.7
1,2023:02:08 04:17:52,494.2
1,2023:02:08 04:17:22,39.9
1,2023:02:08 04:16:52,587.6
1,2023:02:08 04:16:22,45.6
1,2023:02:08 04:15:52,101.5
1,2023:02:08 04:15:22,343.4
1,2023:02:08 04:14:52,466.2
1,2023:02:08 04:14:22,575.3
1,2023:02:08 04:13:52,456.6
1,2023:02:08 04:13:22,459.1
1,2023:02:08 04:12:52,117.3
1,2023:02:08 04:12:22,555.9
1,2023:02:08 04:11:52,354.4
1,2023:02:08 04:11:22,84.9
1,2023:02:08 04:10:52,387.2
1,2023:02:08 04:10:22,558.9
1,2023:02:08 04:09:52,76.8
1,2023:02:08 04:09:22,591.7
1,2023:02:08 04:08:52,551.9
1,2023:02:08 04:08:22,46.5
1,2023:02:08 04:07:52,497.1
1,2023:02:08 04:07:22,161.3
1,2023:02:08 04:06:52,182.6
1,2023:02:08 04:06:22,135.6
1,2023:02:08 04:05:52,92.0
1,2023:02:08 04:05:22,289.8
1,2023:02:08 04:04:52,540.0
1,2023:02:08 04:04:22,102.0
1,2023:02:08 04:03:52,293.6
1,2023:02:08 04:03:22,57.5
1,2023:02:08 04:02:52,270.3
1,2023:02:08 04:02:22,99.7
1,2023:02:08 04:01:52,364.2
1,2023:02:08 04:01:22,529.4
1,2023:02:08 04:00:52,575.3
1,2023:02:08 04:00:22,506.0
1,2023:02:08 03:59:52,46.3
1,2023:02:08 03:59:22,565.2
1,2023:02:08 03:58:52,531.6
1,2023:02:08 03:58:22,263.3
1,2023:02:08 03:57:52,552.6
1,2023:02:08 03:57:22,573.6
1,2023:02:08 03:56:52,557.3
1,2023:02:08 03:56:22,113.8
1,2023:02:08 03:55:52,253.4
1,2023:02:08 03:55:22,503.5
1,2023:02:08 03:54:52,264.3
1,2023:02:08 03:54:22,202.9
1,2023:02:08 03:53:52,542.6
1,2023:02:08 03:53:22,434.2
1,2023:02:08 03:52:52,368.2
1,2023:02:08 03:52:22,175.1
1,2023:02:08 03:51:52,161.0
1,2023:02:08 03:51:22,229.5
1,2023:02:08 03:50:52,112.1
1,2023:02:08 03:50:22,113.5
1,2023:02:08 03:49:52,309.7
1,2023:02:08 03:49:22,172.6
1,2023:02:08 03:48:52,451.1
1,2023:02:08 03:48:22,70.2
1,2023:02:08 03:47:52,250.7
1,2023:02:08 03:47:22,468.9
1,2023:02:08 03:46:52,91.9
1,2023:02:08 03:46:22,395.5
1,2023:02:08 03:45:52,470.1
1,2023:02:08 03:45:22,182.7
1,2023:02:08 03:44:52,489.7
1,2023:02:08 03:44:22,3.2
1,2023:02:08 03:43:52,221.6
1,2023:02:08 03:43:22,140.3
1,2023:02:08 03:42:52,267.2
1,2023:02:08 03:42:22,531.3
1,2023:02:08 03:41:52,330.9
1,2023:02:08 03:41:22,592.0
1,2023:02:08 03:40:52,240.6
1,2023:02:08 03:40:22,191.1
1,2023:02:08 03:39:52,500.0
1,2023:02:08 03:39:22,125.4
1,2023:02:08 03:38:52,433.1
1,2023:02:08 03:38:22,60.3
1,2023:02:08 03:37:52,579.1
1,2023:02:08 03:37:22,537.2
1,2023:02:08 03:36:52,390.3
1,2023:02:08 03:36:22,539.4
1,2023:02:08 03:35:52,459.5
1,2023:02:08 03:35:22,317.2
1,2023:02:08 03:34:52,228.4
1,2023:02:08 03:34:22,293.6
1,2023:02:08 03:33:52,333.7
1,2023:02:08 03:33:22,143.1
1,2023:02:08 03:32:52,463.0
1,2023:02:08 03:32:22,408.2
1,2023:02:08 03:31:52,512.0
1,2023:02:08 03:31:22,445.3
1,2023:02:08 03:30:52,29.6
1,2023:02:08 03:30:22,570.0
1,2023:02:08 03:29:52,495.5
1,2023:02:08 03:29:22,479.1
1,2023:02:08 03:28:52,79.9
1,2023:02:08 03:28:22,508.6
1,2023:02:08 03:27:52,497.4
1,2023:02:08 03:27:22,510.5
1,2023:02:08 03:26:52,416.1
1,2023:02:08 03:26:22,64.6
1,2023:02:08 03:25:52,221.5
1,2023:02:08 03:25:22,559.3
1,2023:02:08 03:24:52,241.1
1,2023:02:08 03:24:22,21.6
1,2023:02:08 03:23:52,380.0
1,2023:02:08 03:23:22,354.1
1,2023:02:08 03:22:52,219.4
1,2023:02:08 03:22:22,244.3
1,2023:02:08 03:21:52,445.4
1,2023:02:08 03:21:22,506.2
1,2023:02:08 03:20:52,470.8
1,2023:02:08 03:20:22,116.9
1,2023:02:08 03:19:52,11.8
1,2023:02:08 03:19:22,289.4
1,2023:02:08 03:18:52,71.2
1,2023:02:08 03:18:22,56.3
1,2023:02:08 03:17:52,499.2
1,2023:02:08 03:17:22,501.7
1,2023:02:08 03:16:52,86.5
1,2023:02:08 03:16:22,393.0
1,2023:02:08 03:15:52,466.1
1,2023:02:08 03:15:22,399.4
1,2023:02:08 03:14:52,395.6
1,2023:02:08 03:14:22,138.4
1,2023:02:08 03:13:52,202.6
1,2023:02:08 03:13:22,533.6
1,2023:02:08 03:12:52,449.4
1,2023:02:08 03:12:22,540.2
1,2023:02:08 03:11:52,358.2
1,2023:02:08 03:11:22,1.4
1,2023:02:08 03:10:52,197.2
1,2023:02:08 03:10:22,51.8
1,2023:02:08 03:09:52,244.7
1,2023:02:08 03:09:22,538.8
1,2023:02:08 03:08:52,54.9
1,2023:02:08 03:08:22,590.2
1,2023:02:08 03:07:52,124.9
1,2023:02:08 03:07:22,241.7
1,2023:02:08 03:06:52,368.5
1,2023:02:08 03:06:22,377.4
1,2023:02:08 03:05:52,231.8
1,2023:02:08 03:05:22,30.0
1,2023:02:08 03:04:52,298.2
1,2023:02:08 03:04:22,120.6
1,2023:02:08 03:03:52,121.4
1,2023:02:08 03:03:22,413.6
1,2023:02:08 03:02:52,496.9
1,2023:02:08 03:02:22,77.3
1,2023:02:08 03:01:52,496.9
1,2023:02:08 03:01:22,170.7
1,2023:02:08 03:00:52,91.4
1,2023:02:08 03:00:22,549.1
1,2023:02:08 02:59:52,193.3
1,2023:02:08 02:59:22,322.3
1,2023:02:08 02:58:52,43.9
1,2023:02:08 02:58:22,104.1
1,2023:02:08 02:57:52,356.5
1,2023:02:08 02:57:22,434.9
1,2023:02:08 02:56:52,202.9
1,2023:02:08 02:56:22,45.3
1,2023:02:08 02:55:52,261.5
1,2023:02:08 02:55:22,394.9
1,2023:02:08 02:54:52,443.1
1,2023:02:08 02:54:22,552.2
1,2023:02:08 02:53:52,193.2
1,2023:02:08 02:53:22,400.0
1,2023:02:08 02:52:52,308.7
1,2023:02:08 02:52:22,56.6
1,2023:02:08 02:51:52,210.6
1,2023:02:08 02:51:22,499.8
1,2023:02:08 02:50:52,25.4
1,2023:02:08 02:50:22,464.1
1,2023:02:08 02:49:52,416.9
1,2023:02:08 02:49:22,367.0
1,2023:02:08 02:48:52,145.7
1,2023:02:08 02:48:22,139.1
1,2023:02:08 02:47:52,12.0
1,2023:02:08 02:47:22,542.7
1,2023:02:08 02:46:52,52.7
1,2023:02:08 02:46:22,43.6
1,2023:02:08 02:45:52,486.3
1,2023:02:08 02:45:22,444.0
1,2023:02:08 02:44:52,175.4
1,2023:02:08 02:44:22,418.8
1,2023:02:08 02:43:52,500.1
1,2023:02:08 02:43:22,272.2
1,2023:02:08 02:42:52,312.3
1,2023:02:08 02:42:22,204.1
1,2023:02:08 02:41:52,61.6
1,2023:02:08 02:41:22,382.6
1,2023:02:08 02:40:52,269.8
1,2023:02:08 02:40:22,161.9
1,2023:02:08 02:39:52,139.5
1,2023:02:08 02:39:22,118.3
1,2023:02:08 02:38:52,88.5
1,2023:02:08 02:38:22,388.6
1,2023:02:08 02:37:52,417.6
1,2023:02:08 02:37:22,407.7
1,2023:02:08 02:36:52,401.2
1,2023:02:08 02:36:22,513.9
1,2023:02:08 02:35:52,587.3
1,2023:02:08 02:35:22,511.9
1,2023:02:08 02:34:52,138.0
1,2023:02:08 02:34:22,198.7
1,2023:02:08 02:33:52,168.4
1,2023:02:08 02:33:22,18.1
1,2023:02:08 02:32:52,67.8
1,2023:02:08 02:32:22,319.1
1,2023:02:08 02:31:52,220.0
1,2023:02:08 02:31:22,300.9
1,2023:02:08 02:30:52,431.0
1,2023:02:08 02:30:22,6.6
1,2023:02:08 02:29:52,378.1
1,2023:02:08 02:29:22,461.7
1,2023:02:08 02:28:52,324.2
1,2023:02:08 02:28:22,170.7
1,2023:02:08 02:27:52,376.5
1,2023:02:08 02:27:22,358.3
1,2023:02:08 02:26:52,333.5
1,2023:02:08 02:26:22,252.5
1,2023:02:08 02:25:52,163.3
1,2023:02:08 02:25:22,236.9
1,2023:02:08 02:24:52,495.0
1,2023:02:08 02:24:22,304.6
1,2023:02:08 02:23:52,79.8
1,2023:02:08 02:23:22,169.9
1,2023:02:08 02:22:52,362.4
1,2023:02:08 02:22:22,257.9
1,2023:02:08 02:21:52,423.8
1,2023:02:08 02:21:22,468.8
1,2023:02:08 02:20:52,58.5
1,2023:02:08 02:20:22,387.7
1,2023:02:08 02:19:52,146.6
1,2023:02:08 02:19:22,529.9
1,2023:02:08 02:18:52,472.7
1,2023:02:08 02:18:22,173.6
1,2023:02:08 02:17:52,322.4
1,2023:02:08 02:17:22,481.6
1,2023:02:08 02:16:52,134.0
1,2023:02:08 02:16:22,470.9
1,2023:02:08 02:15:52,159.7
1,2023:02:08 02:15:22,493.9
1,2023:02:08 02:14:52,373.1
1,2023:02:08 02:14:22,398.6
1,2023:02:08 02:13:52,280.8
1,2023:02:08 02:13:22,89.7
1,2023:02:08 02:12:52,412.3
1,2023:02:08 02:12:22,227.1
1,2023:02:08 02:11:52,265.0
1,2023:02:08 02:11:22,182.2
1,2023:02:08 02:10:52,191.8
1,2023:02:08 02:10:22,472.0
1,2023:02:08 02:09:52,349.9
1,2023:02:08 02:09:22,13.6
1,2023:02:08 02:08:52,243.1
1,2023:02:08 02:08:22,491.6
1,2023:02:08 02:07:52,398.3
1,2023:02:08 02:07:22,314.6
1,2023:02:08 02:06:52,256.8
1,2023:02:08 02:06:22,215.5
1,2023:02:08 02:05:52,413.3
1,2023:02:08 02:05:22,388.2
1,2023:02:08 02:04:52,121.4
1,2023:02:08 02:04:22,407.1
1,2023:02:08 02:03:52,77.8
1,2023:02:08 02:03:22,447.4
1,2023:02:08 02:02:52,385.2
1,2023:02:08 02:02:22,468.6
1,2023:02:08 02:01:52,301.3
1,2023:02:08 02:01:22,319.7
1,2023:02:08 02:00:52,169.2
1,2023:02:08 02:00:22,271.3
1,2023:02:08 01:59:52,91.4
1,2023:02:08 01:59:22,290.6
1,2023:02:08 01:58:52,124.0
1,2023:02:08 01:58:22,459.3
1,2023:02:08 01:57:52,560.5
1,2023:02:08 01:57:22,29.0
1,2023:02:08 01:56:52,246.7
1,2023:02:08 01:56:22,525.9
1,2023:02:08 01:55:52,273.5
1,2023:02:08 01:55:22,124.9
1,2023:02:08 01:54:52,497.6
1,2023:02:08 01:54:22,322.1
1,2023:02:08 01:53:52,72.2
1,2023:02:08 01:53:22,226.3
1,2023:02:08 01:52:52,65.0
1,2023:02:08 01:52:22,233.3
1,2023:02:08 01:51:52,339.2
1,2023:02:08 01:51:22,433.6
1,2023:02:08 01:50:52,229.8
1,2023:02:08 01:50:22,417.2
1,2023:02:08 01:49:52,123.2
1,2023:02:08 01:49:22,529.3
1,2023:02:08 01:48:52,40.7
1,2023:02:08 01:48:22,12.1
1,2023:02:08 01:47:52,28.5
1,2023:02:08 01:47:22,499.8
1,2023:02:08 01:46:52,129.2
1,2023:02:08 01:46:22,225.2
1,2023:02:08 01:45:52,264.3
1,2023:02:08 01:45:22,536.7
1,2023:02:08 01:44:52,446.3
1,2023:02:08 01:44:22,518.2
1,2023:02:08 01:43:52,95.0
1,2023:02:08 01:43:22,143.6
1,2023:02:08 01:42:52,493.5
1,2023:02:08 01:42:22,26.4
1,2023:02:08 01:41:52,246.0
1,2023:02:08 01:41:22,425.9
1,2023:02:08 01:40:52,295.7
1,2023:02:08 01:40:22,15.9
1,2023:02:08 01:39:52,230.5
1,2023:02:08 01:39:22,230.0
1,2023:02:08 01:38:52,435.8
1,2023:02:08 01:38:22,271.2
1,2023:02:08 01:37:52,534.8
1,2023:02:08 01:37:22,436.7
1,2023:02:08 01:36:52,192.5
1,2023:02:08 01:36:22,297.3
1,2023:02:08 01:35:52,571.4
1,2023:02:08 01:35:22,487.4
1,2023:02:08 01:34:52,26.8
1,2023:02:08 01:34:22,316.7
1,2023:02:08 01:33:52,501.3
1,2023:02:08 01:33:22,260.5
1,2023:02:08 01:32:52,314.9
1,2023:02:08 01:32:22,280.4
1,2023:02:08 01:31:52,522.4
1,2023:02:08 01:31:22,230.2
1,2023:02:08 01:30:52,228.2
1,2023:02:08 01:30:22,479.9
1,2023:02:08 01:29:52,116.2
1,2023:02:08 01:29:22,224.0
1,2023:02:08 01:28:52,237.5
1,2023:02:08 01:28:22,183.9
1,2023:02:08 01:27:52,325.3
1,2023:02:08 01:27:22,444.3
1,2023:02:08 01:26:52,386.0
1,2023:02:08 01:26:22,235.8
1,2023:02:08 01:25:52,239.9
1,2023:02:08 01:25:22,209.6
1,2023:02:08 01:24:52,198.2
1,2023:02:08 01:24:22,489.7
1,2023:02:08 01:23:52,583.3
1,2023:02:08 01:23:22,31.4
1,2023:02:08 01:22:52,373.7
1,2023:02:08 01:22:22,339.2
1,2023:02:08 01:21:52,366.5
1,2023:02:08 01:21:22,241.1
1,2023:02:08 01:20:52,92.8
1,2023:02:08 01:20:22,373.7
1,2023:02:08 01:19:52,387.8
1,2023:02:08 01:19:22,473.2
1,2023:02:08 01:18:52,340.2
1,2023:02:08 01:18:22,511.5
1,2023:02:08 01:17:52,254.3
1,2023:02:08 01:17:22,171.5
1,2023:02:08 01:16:52,494.2
1,2023:02:08 01:16:22,90.9
1,2023:02:08 01:15:52,451.4
1,2023:02:08 01:15:22,369.3
1,2023:02:08 01:14:52,481.8
1,2023:02:08 01:14:22,67.5
1,2023:02:08 01:13:52,504.5
1,2023:02:08 01:13:22,243.0
1,2023:02:08 01:12:52,383.4
1,2023:02:08 01:12:22,494.4
1,2023:02:08 01:11:52,532.7
1,2023:02:08 01:11:22,106.6
1,2023:02:08 01:10:52,20.8
1,2023:02:08 01:10:22,400.4
1,2023:02:08 01:09:52,45.8
1,2023:02:08 01:09:22,242.7
1,2023:02:08 01:08:52,98.6
1,2023:02:08 01:08:22,339.2
1,2023:02:08 01:07:52,508.9
1,2023:02:08 01:07:22,199.0
1,2023:02:08 01:06:52,316.8
1,2023:02:08 01:06:22,10.1
1,2023:02:08 01:05:52,133.6
1,2023:02:08 01:05:22,587.5
1,2023:02:08 01:04:52,64.0
1,2023:02:08 01:04:22,105.2
1,2023:02:08 01:03:52,69.3
1,2023:02:08 01:03:22,199.2
1,2023:02:08 01:02:52,586.6
1,2023:02:08 01:02:22,197.0
1,2023:02:08 01:01:52,248.2
1,2023:02:08 01:01:22,498.3
1,2023:02:08 01:00:52,526.5
1,2023:02:08 01:00:22,164.1
1,2023:02:08 00:59:52,448.9
1,2023:02:08 00:59:22,232.3
1,2023:02:08 00:58:52,492.4
1,2023:02:08 00:58:22,582.2
1,2023:02:08 00:57:52,50.3
1,2023:02:08 00:57:22,298.0
1,2023:02:08 00:56:52,467.6
1,2023:02:08 00:56:22,596.7
1,2023:02:08 00:55:52,129.7
1,2023:02:08 00:55:22,201.3
1,2023:02:08 00:54:52,248.7
1,2023:02:08 00:54:22,510.2
1,2023:02:08 00:53:52,273.1
1,2023:02:08 00:53:22,557.3
1,2023:02:08 00:52:52,486.0
1,2023:02:08 00:52:22,157.7
1,2023:02:08 00:51:52,326.1
1,2023:02:08 00:51:22,24.6
1,2023:02:08 00:50:52,587.6
1,2023:02:08 00:50:22,34.2
1,2023:02:08 00:49:52,111.5
1,2023:02:08 00:49:22,323.8
1,2023:02:08 00:48:52,410.7
1,2023:02:08 00:48:22,77.0
1,2023:02:08 00:47:52,73.4
1,2023:02:08 00:47:22,306.5
1,2023:02:08 00:46:52,166.6
1,2023:02:08 00:46:22,173.5
1,2023:02:08 00:45:52,31.8
1,2023:02:08 00:45:22,81.8
1,2023:02:08 00:44:52,188.4
1,2023:02:08 00:44:22,36.3
1,2023:02:08 00:43:52,518.6
1,2023:02:08 00:43:22,406.6
1,2023:02:08 00:42:52,173.1
1,2023:02:08 00:42:22,175.0
1,2023:02:08 00:41:52,317.7
1,2023:02:08 00:41:22,119.7
1,2023:02:08 00:40:52,187.1
1,2023:02:08 00:40:22,493.2
1,2023:02:08 00:39:52,395.4
1,2023:02:08 00:39:22,574.3
1,2023:02:08 00:38:52,205.0
1,2023:02:08 00:38:22,263.3
1,2023:02:08 00:37:52,432.2
1,2023:02:08 00:37:22,526.2
1,2023:02:08 00:36:52,159.3
1,2023:02:08 00:36:22,394.3
1,2023:02:08 00:35:52,289.8
1,2023:02:08 00:35:22,596.6
1,2023:02:08 00:34:52,507.8
1,2023:02:08 00:34:22,222.7
1,2023:02:08 00:33:52,70.6
1,2023:02:08 00:33:22,580.9
1,2023:02:08 00:32:52,103.9
1,2023:02:08 00:32:22,449.3
1,2023:02:08 00:31:52,591.4
1,2023:02:08 00:31:22,459.2
1,2023:02:08 00:30:52,326.1
1,2023:02:08 00:30:22,580.8
1,2023:02:08 00:29:52,143.5
1,2023:02:08 00:29:22,10.1
1,2023:02:08 00:28:52,268.0
1,2023:02:08 00:28:22,386.5
1,2023:02:08 00:27:52,371.1
1,2023:02:08 00:27:22,100.1
1,2023:02:08 00:26:52,158.3
1,2023:02:08 00:26:22,329.9
1,2023:02:08 00:25:52,27.7
1,2023:02:08 00:25:22,59.0
1,2023:02:08 00:24:52,72.2
1,2023:02:08 00:24:22,496.3
1,2023:02:08 00:23:52,58.1
1,2023:02:08 00:23:22,368.9
1,2023:02:08 00:22:52,57.8
1,2023:02:08 00:22:22,131.7
1,2023:02:08 00:21:52,357.5
1,2023:02:08 00:21:22,495.5
1,2023:02:08 00:20:52,484.0
1,2023:02:08 00:20:22,588.6
1,2023:02:08 00:19:52,232.8
1,2023:02:08 00:19:22,180.2
1,2023:02:08 00:18:52,27.1
1,2023:02:08 00:18:22,518.3
1,2023:02:08 00:17:52,401.4
1,2023:02:08 00:17:22,149.5
1,2023:02:08 00:16:52,315.0
1,2023:02:08 00:16:22,499.2
1,2023:02:08 00:15:52,475.4
1,2023:02:08 00:15:22,214.6
1,2023:02:08 00:14:52,144.6
1,2023:02:08 00:14:22,501.0
1,2023:02:08 00:13:52,292.5
1,2023:02:08 00:13:22,579.2
1,2023:02:08 00:12:52,143.3
1,2023:02:08 00:12:22,267.6
1,2023:02:08 00:11:52,342.0
1,2023:02:08 00:11:22,48.7
1,2023:02:08 00:10:52,284.4
1,2023:02:08 00:10:22,311.5
1,2023:02:08 00:09:52,362.1
1,2023:02:08 00:09:22,253.2
1,2023:02:08 00:08:52,546.9
1,2023:02:08 00:08:22,360.2
1,2023:02:08 00:07:52,283.4
1,2023:02:08 00:07:22,398.5
1,2023:02:08 00:06:52,0.7
1,2023:02:08 00:06:22,47.0
1,2023:02:08 00:05:52,346.5
1,2023:02:08 00:05:22,341.3
1,2023:02:08 00:04:52,124.3
1,2023:02:08 00:04:22,437.2
1,2023:02:08 00:03:52,197.0
1,2023:02:08 00:03:22,25.8
1,2023:02:08 00:02:52,75.9
1,2023:02:08 00:02:22,50.1
1,2023:02:08 00:01:52,373.5
1,2023:02:08 00:01:22,242.2
1,2023:02:08 00:00:52,131.5
1,2023:02:08 00:00:22,275.9
1,2023:02:07 23:59:52,292.1
1,2023:02:07 23:59:22,534.9
1,2023:02:07 23:58:52,316.6
1,2023:02:07 23:58:22,155.8
1,2023:02:07 23:57:52,393.2
1,2023:02:07 23:57:22,544.2
1,2023:02:07 23:56:52,264.5
1,2023:02:07 23:56:22,460.9
1,2023:02:07 23:55:52,453.6
1,2023:02:07 23:55:22,71.4
1,2023:02:07 23:54:52,456.6
1,2023:02:07 23:54:22,414.1
1,2023:02:07 23:53:52,474.7
1,2023:02:07 23:53:22,111.3
1,2023:02:07 23:52:52,425.5
1,2023:02:07 23:52:22,520.3
1,2023:02:07 23:51:52,304.4
1,2023:02:07 23:51:22,263.1
1,2023:02:07 23:50:52,567.4
1,2023:02:07 23:50:22,44.4
1,2023:02:07 23:49:52,366.1
1,2023:02:07 23:49:22,335.8
1,2023:02:07 23:48:52,312.6
1,2023:02:07 23:48:22,190.0
1,2023:02:07 23:47:52,76.8
1,2023:02:07 23:47:22,307.5
1,2023:02:07 23:46:52,145.7
1,2023:02:07 23:46:22,456.3
1,2023:02:07 23:45:52,377.7
1,2023:02:07 23:45:22,64.6
1,2023:02:07 23:44:52,387.9
1,2023:02:07 23:44:22,238.2
1,2023:02:07 23:43:52,214.3
1,2023:02:07 23:43:22,17.7
1,2023:02:07 23:42:52,236.1
1,2023:02:07 23:42:22,502.9
1,2023:02:07 23:41:52,129.9
1,2023:02:07 23:41:22,62.4
1,2023:02:07 23:40:52,16.0
1,2023:02:07 23:40:22,139.8
1,2023:02:07 23:39:52,136.4
1,2023:02:07 23:39:22,127.2
1,2023:02:07 23:38:52,545.7
1,2023:02:07 23:38:22,397.4
1,2023:02:07 23:37:52,454.3
1,2023:02:07 23:37:22,54.1
1,2023:02:07 23:36:52,485.8
1,2023:02:07 23:36:22,563.5
1,2023:02:07 23:35:52,496.4
1,2023:02:07 23:35:22,227.0
1,2023:02:07 23:34:52,442.4
1,2023:02:07 23:34:22,351.3
1,2023:02:07 23:33:52,70.8
1,2023:02:07 23:33:22,129.2
1,2023:02:07 23:32:52,397.3
1,2023:02:07 23:32:22,239.4
1,2023:02:07 23:31:52,26.2
1,2023:02:07 23:31:22,2.0
1,2023:02:07 23:30:52,217.7
1,2023:02:07 23:30:22,162.1
1,2023:02:07 23:29:52,280.6
1,2023:02:07 23:29:22,330.5
1,2023:02:07 23:28:52,173.0
1,2023:02:07 23:28:22,168.9
1,2023:02:07 23:27:52,442.7
1,2023:02:07 23:27:22,440.5
1,2023:02:07 23:26:52,427.2
1,2023:02:07 23:26:22,266.3
1,2023:02:07 23:25:52,2.6
1,2023:02:07 23:25:22,439.4
1,2023:02:07 23:24:52,557.8
1,2023:02:07 23:24:22,212.9
1,2023:02:07 23:23:52,216.1
1,2023:02:07 23:23:22,541.3
1,2023:02:07 23:22:52,48.4
1,2023:02:07 23:22:22,589.0
1,2023:02:07 23:21:52,293.0
1,2023:02:07 23:21:22,445.6
1,2023:02:07 23:20:52,387.7
1,2023:02:07 23:20:22,471.2
1,2023:02:07 23:19:52,372.1
1,2023:02:07 23:19:22,589.4
1,2023:02:07 23:18:52,425.8
1,2023:02:07 23:18:22,309.1
1,2023:02:07 23:17:52,442.9
1,2023:02:07 23:17:22,330.3
1,2023:02:07 23:16:52,360.4
1,2023:02:07 23:16:22,501.0
1,2023:02:07 23:15:52,118.9
1,2023:02:07 23:15:22,186.8
1,2023:02:07 23:14:52,377.7
1,2023:02:07 23:14:22,318.0
1,2023:02:07 23:13:52,205.5
1,2023:02:07 23:13:22,291.6
1,2023:02:07 23:12:52,154.9
1,2023:02:07 23:12:22,559.8
1,2023:02:07 23:11:52,469.2
1,2023:02:07 23:11:22,44.6
1,2023:02:07 23:10:52,342.5
1,2023:02:07 23:10:22,314.7
1,2023:02:07 23:09:52,466.0
1,2023:02:07 23:09:22,87.0
1,2023:02:07 23:08:52,394.7
1,2023:02:07 23:08:22,537.7
1,2023:02:07 23:07:52,73.4
1,2023:02:07 23:07:22,305.0
1,2023:02:07 23:06:52,153.3
1,2023:02:07 23:06:22,166.3
1,2023:02:07 23:05:52,587.1
1,2023:02:07 23:05:22,201.9
1,2023:02:07 23:04:52,335.3
1,2023:02:07 23:04:22,247.5
1,2023:02:07 23:03:52,103.4
1,2023:02:07 23:03:22,93.6
1,2023:02:07 23:02:52,159.0
1,2023:02:07 23:02:22,142.5
1,2023:02:07 23:01:52,472.5
1,2023:02:07 23:01:22,412.8
1,2023:02:07 23:00:52,39.6
1,2023:02:07 23:00:22,533.0
1,2023:02:07 22:59:52,575.5
1,2023:02:07 22:59:22,583.0
1,2023:02:07 22:58:52,287.2
1,2023:02:07 22:58:22,325.7
1,2023:02:07 22:57:52,379.0
1,2023:02:07 22:57:22,257.3
1,2023:02:07 22:56:52,61.5
1,2023:02:07 22:56:22,263.8
1,2023:02:07 22:55:52,342.1
1,2023:02:07 22:55:22,249.5
1,2023:02:07 22:54:52,357.0
1,2023:02:07 22:54:22,408.6
1,2023:02:07 22:53:52,507.2
1,2023:02:07 22:53:22,503.7
1,2023:02:07 22:52:52,383.9
1,2023:02:07 22:52:22,357.2
1,2023:02:07 22:51:52,474.0
1,2023:02:07 22:51:22,530.9
1,2023:02:07 22:50:52,1.2
1,2023:02:07 22:50:22,21.5
1,2023:02:07 22:49:52,378.2
1,2023:02:07 22:49:22,28.5
1,2023:02:07 22:48:52,301.0
1,2023:02:07 22:48:22,40.0
1,2023:02:07 22:47:52,251.5
1,2023:02:07 22:47:22,250.8
1,2023:02:07 22:46:52,506.6
1,2023:02:07 22:46:22,199.1
1,2023:02:07 22:45:52,301.3
1,2023:02:07 22:45:22,400.8
1,2023:02:07 22:44:52,243.5
1,2023:02:07 22:44:22,19.3
1,2023:02:07 22:43:52,191.9
1,2023:02:07 22:43:22,141.1
1,2023:02:07 22:42:52,533.2
1,2023:02:07 22:42:22,293.5
1,2023:02:07 22:41:52,445.2
1,2023:02:07 22:41:22,329.9
1,2023:02:07 22:40:52,338.5
1,2023:02:07 22:40:22,228.4
1,2023:02:07 22:39:52,414.0
1,2023:02:07 22:39:22,571.2
1,2023:02:07 22:38:52,182.8
1,2023:02:07 22:38:22,537.7
1,2023:02:07 22:37:52,220.9
1,2023:02:07 22:37:22,110.2
1,2023:02:07 22:36:52,176.4
1,2023:02:07 22:36:22,429.2
1,2023:02:07 22:35:52,212.6
1,2023:02:07 22:35:22,66.4
1,2023:02:07 22:34:52,531.7
1,2023:02:07 22:34:22,180.3
1,2023:02:07 22:33:52,431.0
1,2023:02:07 22:33:22,353.1
1,2023:02:07 22:32:52,492.8
1,2023:02:07 22:32:22,366.7
1,2023:02:07 22:31:52,560.6
1,2023:02:07 22:31:22,114.3
1,2023:02:07 22:30:52,259.7
1,2023:02:07 22:30:22,394.7
1,2023:02:07 22:29:52,205.2
1,2023:02:07 22:29:22,68.5
1,2023:02:07 22:28:52,99.2
1,2023:02:07 22:28:22,114.2
1,2023:02:07 22:27:52,384.5
1,2023:02:07 22:27:22,168.1
1,2023:02:07 22:26:52,167.8
1,2023:02:07 22:26:22,11.2
1,2023:02:07 22:25:52,33.9
1,2023:02:07 22:25:22,19.9
1,2023:02:07 22:24:52,131.4
1,2023:02:07 22:24:22,305.8
1,2023:02:07 22:23:52,211.9
1,2023:02:07 22:23:22,597.1
1,2023:02:07 22:22:52,3.2
1,2023:02:07 22:22:22,247.4
1,2023:02:07 22:21:52,229.0
1,2023:02:07 22:21:22,240.1
1,2023:02:07 22:20:52,108.2
1,2023:02:07 22:20:22,401.7
1,2023:02:07 22:19:52,541.8
1,2023:02:07 22:19:22,440.3
1,2023:02:07 22:18:52,318.6
1,2023:02:07 22:18:22,299.1
1,2023:02:07 22:17:52,550.2
1,2023:02:07 22:17:22,167.8
1,2023:02:07 22:16:52,29.2
1,2023:02:07 22:16:22,587.2
1,2023:02:07 22:15:52,286.6
1,2023:02:07 22:15:22,275.3
1,2023:02:07 22:14:52,85.2
1,2023:02:07 22:14:22,279.1
1,2023:02:07 22:13:52,9.7
1,2023:02:07 22:13:22,56.2
1,2023:02:07 22:12:52,95.7
1,2023:02:07 22:12:22,368.4
1,2023:02:07 22:11:52,436.5
1,2023:02:07 22:11:22,512.0
1,2023:02:07 22:10:52,361.8
1,2023:02:07 22:10:22,389.9
1,2023:02:07 22:09:52,143.3
1,2023:02:07 22:09:22,511.0
1,2023:02:07 22:08:52,490.3
1,2023:02:07 22:08:22,393.2
1,2023:02:07 22:07:52,75.9
1,2023:02:07 22:07:22,223.4
1,2023:02:07 22:06:52,473.7
1,2023:02:07 22:06:22,18.0
1,2023:02:07 22:05:52,306.7
1,2023:02:07 22:05:22,173.3
1,2023:02:07 22:04:52,275.1
1,2023:02:07 22:04:22,153.3
1,2023:02:07 22:03:52,8.3
1,2023:02:07 22:03:22,189.4
1,2023:02:07 22:02:52,186.9
1,2023:02:07 22:02:22,54.3
1,2023:02:07 22:01:52,543.3
1,2023:02:07 22:01:22,164.0
1,2023:02:07 22:00:52,371.0
1,2023:02:07 22:00:22,583.4
1,2023:02:07 21:59:52,12.4
1,2023:02:07 21:59:22,441.4
1,2023:02:07 21:58:52,471.9
1,2023:02:07 21:58:22,89.7
1,2023:02:07 21:57:52,221.3
1,2023:02:07 21:57:22,95.5
1,2023:02:07 21:56:52,376.4
1,2023:02:07 21:56:22,53.1
1,2023:02:07 21:55:52,529.7
1,2023:02:07 21:55:22,185.2
1,2023:02:07 21:54:52,556.9
1,2023:02:07 21:54:22,164.0
1,2023:02:07 21:53:52,589.8
1,2023:02:07 21:53:22,139.1
1,2023:02:07 21:52:52,215.7
1,2023:02:07 21:52:22,113.0
1,2023:02:07 21:51:52,319.2
1,2023:02:07 21:51:22,350.9
1,2023:02:07 21:50:52,252.8
1,2023:02:07 21:50:22,319.1
1,2023:02:07 21:49:52,405.4
1,2023:02:07 21:49:22,423.7
1,2023:02:07 21:48:52,459.1
1,2023:02:07 21:48:22,482.6
1,2023:02:07 21:47:52,535.3
1,2023:02:07 21:47:22,282.2
1,2023:02:07 21:46:52,196.3
1,2023:02:07 21:46:22,441.4
1,2023:02:07 21:45:52,554.9
1,2023:02:07 21:45:22,449.1
1,2023:02:07 21:44:52,249.3
1,2023:02:07 21:44:22,503.6
1,2023:02:07 21:43:52,597.6
1,2023:02:07 21:43:22,533.5
1,2023:02:07 21:42:52,110.1
1,2023:02:07 21:42:22,165.3
1,2023:02:07 21:41:52,588.9
1,2023:02:07 21:41:22,400.7
1,2023:02:07 21:40:52,351.6
1,2023:02:07 21:40:22,231.8
1,2023:02:07 21:39:52,70.3
1,2023:02:07 21:39:22,496.2
1,2023:02:07 21:38:52,59.1
1,2023:02:07 21:38:22,256.1
1,2023:02:07 21:37:52,84.3
1,2023:02:07 21:37:22,103.3
1,2023:02:07 21:36:52,509.5
1,2023:02:07 21:36:22,318.1
1,2023:02:07 21:35:52,473.7
1,2023:02:07 21:35:22,184.5
1,2023:02:07 21:34:52,162.3
1,2023:02:07 21:34:22,415.6
1,2023:02:07 21:33:52,108.3
1,2023:02:07 21:33:22,226.8
1,2023:02:07 21:32:52,84.3
1,2023:02:07 21:32:22,235.2
1,2023:02:07 21:31:52,346.8
1,2023:02:07 21:31:22,96.6
1,2023:02:07 21:30:52,220.0
1,2023:02:07 21:30:22,24.6
1,2023:02:07 21:29:52,283.9
1,2023:02:07 21:29:22,218.9
1,2023:02:07 21:28:52,126.5
1,2023:02:07 21:28:22,394.0
1,2023:02:07 21:27:52,561.1
1,2023:02:07 21:27:22,379.3
1,2023:02:07 21:26:52,278.0
1,2023:02:07 21:26:22,246.6
1,2023:02:07 21:25:52,138.3
1,2023:02:07 21:25:22,560.0
1,2023:02:07 21:24:52,79.3
1,2023:02:07 21:24:22,586.0
1,2023:02:07 21:23:52,336.7
1,2023:02:07 21:23:22,533.3
1,2023:02:07 21:22:52,37.5
1,2023:02:07 21:22:22,79.6
1,2023:02:07 21:21:52,120.6
1,2023:02:07 21:21:22,564.1
1,2023:02:07 21:20:52,522.6
1,2023:02:07 21:20:22,9.1
1,2023:02:07 21:19:52,275.0
1,2023:02:07 21:19:22,29.3
1,2023:02:07 21:18:52,565.8
1,2023:02:07 21:18:22,406.5
1,2023:02:07 21:17:52,24.5
1,2023:02:07 21:17:22,185.7
1,2023:02:07 21:16:52,244.3
1,2023:02:07 21:16:22,251.6
1,2023:02:07 21:15:52,47.1
1,2023:02:07 21:15:22,306.6
1,2023:02:07 21:14:52,545.9
1,2023:02:07 21:14:22,149.6
1,2023:02:07 21:13:52,511.6
1,2023:02:07 21:13:22,511.7
1,2023:02:07 21:12:52,220.1
1,2023:02:07 21:12:22,221.4
1,2023:02:07 21:11:52,424.6
1,2023:02:07 21:11:22,344.4
1,2023:02:07 21:10:52,556.6
1,2023:02:07 21:10:22,67.8
1,2023:02:07 21:09:52,414.3
1,2023:02:07 21:09:22,130.3
1,2023:02:07 21:08:52,32.5
1,2023:02:07 21:08:22,450.5
1,2023:02:07 21:07:52,306.5
1,2023:02:07 21:07:22,200.7
1,2023:02:07 21:06:52,319.3
1,2023:02:07 21:06:22,358.0
1,2023:02:07 21:05:52,427.0
1,2023:02:07 21:05:22,464.5
1,2023:02:07 21:04:52,55.1
1,2023:02:07 21:04:22,131.6
1,2023:02:07 21:03:52,421.2
1,2023:02:07 21:03:22,589.4
1,2023:02:07 21:02:52,151.3
1,2023:02:07 21:02:22,578.2
1,2023:02:07 21:01:52,385.8
1,2023:02:07 21:01:22,112.7
1,2023:02:07 21:00:52,104.1
1,2023:02:07 21:00:22,292.8
1,2023:02:07 20:59:52,455.3
1,2023:02:07 20:59:22,250.4
1,2023:02:07 20:58:52,69.2
1,2023:02:07 20:58:22,334.5
1,2023:02:07 20:57:52,462.9
1,2023:02:07 20:57:22,71.8
1,2023:02:07 20:56:52,368.0
1,2023:02:07 20:56:22,530.7
1,2023:02:07 20:55:52,446.2
1,2023:02:07 20:55:22,534.8
1,2023:02:07 20:54:52,449.4
1,2023:02:07 20:54:22,511.6
1,2023:02:07 20:53:52,182.0
1,2023:02:07 20:53:22,517.1
1,2023:02:07 20:52:52,350.3
1,2023:02:07 20:52:22,247.2
1,2023:02:07 20:51:52,92.5
1,2023:02:07 20:51:22,472.7
1,2023:02:07 20:50:52,470.4
1,2023:02:07 20:50:22,299.6
1,2023:02:07 20:49:52,139.1
1,2023:02:07 20:49:22,287.4
1,2023:02:07 20:48:52,407.6
1,2023:02:07 20:48:22,245.0
1,2023:02:07 20:47:52,590.0
1,2023:02:07 20:47:22,598.1
1,2023:02:07 20:46:52,552.8
1,2023:02:07 20:46:22,108.1
1,2023:02:07 20:45:52,34.6
1,2023:02:07 20:45:22,83.8
1,2023:02:07 20:44:52,418.6
1,2023:02:07 20:44:22,473.5
1,2023:02:07 20:43:52,54.5
1,2023:02:07 20:43:22,187.8
1,2023:02:07 20:42:52,300.3
1,2023:02:07 20:42:22,387.3
1,2023:02:07 20:41:52,9.3
1,2023:02:07 20:41:22,140.4
1,2023:02:07 20:40:52,540.5
1,2023:02:07 20:40:22,592.9
1,2023:02:07 20:39:52,303.8
1,2023:02:07 20:39:22,354.6
1,2023:02:07 20:38:52,49.1
1,2023:02:07 20:38:22,298.2
1,2023:02:07 20:37:52,523.9
1,2023:02:07 20:37:22,393.1
1,2023:02:07 20:36:52,49.7
1,2023:02:07 20:36:22,353.7
1,2023:02:07 20:35:52,269.5
1,2023:02:07 20:35:22,407.3
1,2023:02:07 20:34:52,86.5
1,2023:02:07 20:34:22,96.3
1,2023:02:07 20:33:52,355.8
1,2023:02:07 20:33:22,363.6
1,2023:02:07 20:32:52,510.1
1,2023:02:07 20:32:22,71.2
1,2023:02:07 20:31:52,162.0
1,2023:02:07 20:31:22,584.1
1,2023:02:07 20:30:52,398.9
1,2023:02:07 20:30:22,171.0
1,2023:02:07 20:29:52,357.9
1,2023:02:07 20:29:22,410.9
1,2023:02:07 20:28:52,466.8
1,2023:02:07 20:28:22,42.3
1,2023:02:07 20:27:52,139.8
1,2023:02:07 20:27:22,73.4
1,2023:02:07 20:26:52,166.1
1,2023:02:07 20:26:22,527.0
1,2023:02:07 20:25:52,527.6
1,2023:02:07 20:25:22,264.2
1,2023:02:07 20:24:52,423.6
1,2023:02:07 20:24:22,373.5
1,2023:02:07 20:23:52,361.1
1,2023:02:07 20:23:22,225.0
1,2023:02:07 20:22:52,196.8
1,2023:02:07 20:22:22,454.3
1,2023:02:07 20:21:52,374.6
1,2023:02:07 20:21:22,477.1
1,2023:02:07 20:20:52,1.9
1,2023:02:07 20:20:22,263.8
1,2023:02:07 20:19:52,182.8
1,2023:02:07 20:19:22,402.6
1,2023:02:07 20:18:52,368.7
1,2023:02:07 20:18:22,564.5
1,2023:02:07 20:17:52,84.4
1,2023:02:07 20:17:22,94.1
1,2023:02:07 20:16:52,238.2
1,2023:02:07 20:16:22,348.8
1,2023:02:07 20:15:52,17.3
1,2023:02:07 20:15:22,475.1
1,2023:02:07 20:14:52,55.6
1,2023:02:07 20:14:22,381.6
1,2023:02:07 20:13:52,495.1
1,2023:02:07 20:13:22,415.6
1,2023:02:07 20:12:52,258.4
1,2023:02:07 20:12:22,498.1
1,2023:02:07 20:11:52,319.0
1,2023:02:07 20:11:22,315.6
1,2023:02:07 20:10:52,526.5
1,2023:02:07 20:10:22,362.7
1,2023:02:07 20:09:52,580.1
1,2023:02:07 20:09:22,216.8
1,2023:02:07 20:08:52,265.5
1,2023:02:07 20:08:22,308.3
1,2023:02:07 20:07:52,195.3
1,2023:02:07 20:07:22,99.9
1,2023:02:07 20:06:52,320.3
1,2023:02:07 20:06:22,227.3
1,2023:02:07 20:05:52,182.5
1,2023:02:07 20:05:22,61.1
1,2023:02:07 20:04:52,395.0
1,2023:02:07 20:04:22,56.9
1,2023:02:07 20:03:52,142.1
1,2023:02:07 20:03:22,143.6
1,2023:02:07 20:02:52,467.9
1,2023:02:07 20:02:22,494.3
1,2023:02:07 20:01:52,555.4
1,2023:02:07 20:01:22,200.3
1,2023:02:07 20:00:52,447.8
1,2023:02:07 20:00:22,8.9
1,2023:02:07 19:59:52,306.1
1,2023:02:07 19:59:22,475.8
1,2023:02:07 19:58:52,210.3
1,2023:02:07 19:58:22,163.2
1,2023:02:07 19:57:52,342.3
1,2023:02:07 19:57:22,511.0
1,2023:02:07 19:56:52,469.7
1,2023:02:07 19:56:22,316.2
1,2023:02:07 19:55:52,595.6
1,2023:02:07 19:55:22,276.5
1,2023:02:07 19:54:52,370.7
1,2023:02:07 19:54:22,561.8
1,2023:02:07 19:53:52,360.6
1,2023:02:07 19:53:22,70.5
1,2023:02:07 19:52:52,39.7
1,2023:02:07 19:52:22,451.5
1,2023:02:07 19:51:52,131.4
1,2023:02:07 19:51:22,268.6
1,2023:02:07 19:50:52,503.6
1,2023:02:07 19:50:22,480.0
1,2023:02:07 19:49:52,51.0
1,2023:02:07 19:49:22,201.8
1,2023:02:07 19:48:52,447.8
1,2023:02:07 19:48:22,4.6
1,2023:02:07 19:47:52,469.2
1,2023:02:07 19:47:22,46.1
1,2023:02:07 19:46:52,513.4
1,2023:02:07 19:46:22,176.5
1,2023:02:07 19:45:52,285.6
1,2023:02:07 19:45:22,186.0
1,2023:02:07 19:44:52,435.5
1,2023:02:07 19:44:22,498.5
1,2023:02:07 19:43:52,589.6
1,2023:02:07 19:43:22,310.3
1,2023:02:07 19:42:52,599.2
1,2023:02:07 19:42:22,340.4
1,2023:02:07 19:41:52,243.9
1,2023:02:07 19:41:22,561.2
1,2023:02:07 19:40:52,7.3
1,2023:02:07 19:40:22,67.9
1,2023:02:07 19:39:52,247.0
1,2023:02:07 19:39:22,320.2
1,2023:02:07 19:38:52,38.3
1,2023:02:07 19:38:22,531.9
1,2023:02:07 19:37:52,262.9
1,2023:02:07 19:37:22,172.6
1,2023:02:07 19:36:52,540.1
1,2023:02:07 19:36:22,307.4
1,2023:02:07 19:35:52,236.9
1,2023:02:07 19:35:22,293.9
1,2023:02:07 19:34:52,303.0
1,2023:02:07 19:34:22,418.8
1,2023:02:07 19:33:52,496.0
1,2023:02:07 19:33:22,524.1
1,2023:02:07 19:32:52,361.2
1,2023:02:07 19:32:22,219.5
1,2023:02:07 19:31:52,324.5
1,2023:02:07 19:31:22,556.4
1,2023:02:07 19:30:52,411.1
1,2023:02:07 19:30:22,201.2
1,2023:02:07 19:29:52,129.1
1,2023:02:07 19:29:22,512.1
1,2023:02:07 19:28:52,391.3
1,2023:02:07 19:28:22,7.5
1,2023:02:07 19:27:52,196.8
1,2023:02:07 19:27:22,229.5
1,2023:02:07 19:26:52,527.3
1,2023:02:07 19:26:22,52.0
1,2023:02:07 19:25:52,301.6
1,2023:02:07 19:25:22,276.9
1,2023:02:07 19:24:52,509.2
1,2023:02:07 19:24:22,17.2
1,2023:02:07 19:23:52,122.7
1,2023:02:07 19:23:22,597.0
1,2023:02:07 19:22:52,471.6
1,2023:02:07 19:22:22,292.5
1,2023:02:07 19:21:52,146.1
1,2023:02:07 19:21:22,84.2
1,2023:02:07 19:20:52,200.2
1,2023:02:07 19:20:22,30.9
1,2023:02:07 19:19:52,178.6
1,2023:02:07 19:19:22,555.2
1,2023:02:07 19:18:52,581.6
1,2023:02:07 19:18:22,33.8
1,2023:02:07 19:17:52,400.5
1,2023:02:07 19:17:22,24.2
1,2023:02:07 19:16:52,591.2
1,2023:02:07 19:16:22,149.6
1,2023:02:07 19:15:52,351.9
1,2023:02:07 19:15:22,450.0
1,2023:02:07 19:14:52,187.0
1,2023:02:07 19:14:22,97.2
1,2023:02:07 19:13:52,337.8
1,2023:02:07 19:13:22,127.0
1,2023:02:07 19:12:52,565.7
1,2023:02:07 19:12:22,363.8
1,2023:02:07 19:11:52,486.8
1,2023:02:07 19:11:22,431.0
1,2023:02:07 19:10:52,123.1
1,2023:02:07 19:10:22,312.5
1,2023:02:07 19:09:52,30.9
1,2023:02:07 19:09:22,16.2
1,2023:02:07 19:08:52,136.1
1,2023:02:07 19:08:22,329.2
1,2023:02:07 19:07:52,352.7
1,2023:02:07 19:07:22,46.2
1,2023:02:07 19:06:52,496.3
1,2023:02:07 19:06:22,48.2
1,2023:02:07 19:05:52,460.7
1,2023:02:07 19:05:22,230.5
1,2023:02:07 19:04:52,299.0
1,2023:02:07 19:04:22,185.3
1,2023:02:07 19:03:52,118.0
1,2023:02:07 19:03:22,40.8
1,2023:02:07 19:02:52,536.8
1,2023:02:07 19:02:22,229.5
1,2023:02:07 19:01:52,445.7
1,2023:02:07 19:01:22,175.4
1,2023:02:07 19:00:52,416.4
1,2023:02:07 19:00:22,34.9
1,2023:02:07 18:59:52,456.2
1,2023:02:07 18:59:22,222.9
1,2023:02:07 18:58:52,92.7
1,2023:02:07 18:58:22,416.9
1,2023:02:07 18:57:52,385.3
1,2023:02:07 18:57:22,587.0
1,2023:02:07 18:56:52,518.5
1,2023:02:07 18:56:22,257.6
1,2023:02:07 18:55:52,459.6
1,2023:02:07 18:55:22,523.6
1,2023:02:07 18:54:52,255.6
1,2023:02:07 18:54:22,311.5
1,2023:02:07 18:53:52,172.8
1,2023:02:07 18:53:22,240.5
1,2023:02:07 18:52:52,291.2
1,2023:02:07 18:52:22,192.7
1,2023:02:07 18:51:52,384.7
1,2023:02:07 18:51:22,271.3
1,2023:02:07 18:50:52,135.8
1,2023:02:07 18:50:22,429.9
1,2023:02:07 18:49:52,461.8
1,2023:02:07 18:49:22,220.0
1,2023:02:07 18:48:52,214.5
1,2023:02:07 18:48:22,537.7
1,2023:02:07 18:47:52,515.9
1,2023:02:07 18:47:22,331.1
1,2023:02:07 18:46:52,163.8
1,2023:02:07 18:46:22,402.2
1,2023:02:07 18:45:52,59.9
1,2023:02:07 18:45:22,414.6
1,2023:02:07 18:44:52,273.8
1,2023:02:07 18:44:22,512.8
1,2023:02:07 18:43:52,401.1
1,2023:02:07 18:43:22,85.2
1,2023:02:07 18:42:52,174.7
1,2023:02:07 18:42:22,590.5
1,2023:02:07 18:41:52,555.1
1,2023:02:07 18:41:22,302.9
1,2023:02:07 18:40:52,514.5
1,2023:02:07 18:40:22,198.1
1,2023:02:07 18:39:52,317.4
1,2023:02:07 18:39:22,317.3
1,2023:02:07 18:38:52,555.3
1,2023:02:07 18:38:22,173.5
1,2023:02:07 18:37:52,445.9
1,2023:02:07 18:37:22,560.2
1,2023:02:07 18:36:52,176.7
1,2023:02:07 18:36:22,587.8
1,2023:02:07 18:35:52,303.5
1,2023:02:07 18:35:22,359.0
1,2023:02:07 18:34:52,214.9
1,2023:02:07 18:34:22,533.3
1,2023:02:07 18:33:52,470.5
1,2023:02:07 18:33:22,396.1
1,2023:02:07 18:32:52,342.6
1,2023:02:07 18:32:22,94.4
1,2023:02:07 18:31:52,129.5
1,2023:02:07 18:31:22,500.2
1,2023:02:07 18:30:52,19.8
1,2023:02:07 18:30:22,144.7
1,2023:02:07 18:29:52,114.9
1,2023:02:07 18:29:22,77.0
1,2023:02:07 18:28:52,201.1
1,2023:02:07 18:28:22,112.7
1,2023:02:07 18:27:52,98.7
1,2023:02:07 18:27:22,483.8
1,2023:02:07 18:26:52,222.1
1,2023:02:07 18:26:22,357.7
1,2023:02:07 18:25:52,401.5
1,2023:02:07 18:25:22,555.9
1,2023:02:07 18:24:52,74.0
1,2023:02:07 18:24:22,241.2
1,2023:02:07 18:23:52,308.3
1,2023:02:07 18:23:22,217.9
1,2023:02:07 18:22:52,442.7
1,2023:02:07 18:22:22,585.2
1,2023:02:07 18:21:52,222.8
1,2023:02:07 18:21:22,7.7
1,2023:02:07 18:20:52,356.5
1,2023:02:07 18:20:22,553.6
1,2023:02:07 18:19:52,294.5
1,2023:02:07 18:19:22,496.5
1,2023:02:07 18:18:52,260.4
1,2023:02:07 18:18:22,416.2
1,2023:02:07 18:17:52,173.9
1,2023:02:07 18:17:22,492.0
1,2023:02:07 18:16:52,483.7
1,2023:02:07 18:16:22,63.1
1,2023:02:07 18:15:52,148.6
1,2023:02:07 18:15:22,11.9
